PRAGMA foreign_keys=OFF;
BEGIN TRANSACTION;
CREATE TABLE users (
	id INTEGER NOT NULL, 
	name VARCHAR(100) NOT NULL, 
	email VARCHAR(255) NOT NULL, 
	password_hash VARCHAR(255) NOT NULL, 
	created_at DATETIME DEFAULT (CURRENT_TIMESTAMP), 
	PRIMARY KEY (id)
);
INSERT INTO users VALUES(1,'Alice Johnson','alice@budget.test','$2b$12$Z2beCaAOjtTQUsytopvXi.pDOF7O35cjO.MpvapeC7Hi1Hvhd7X.S','2025-09-13 11:27:08');
INSERT INTO users VALUES(2,'Bob Smith','bob@budget.test','$2b$12$1u16XW7AgFtDIJ/7GPlJS.S4HLJ584sNWEytwu3RQR3iNKY2scJ6O','2025-09-13 11:27:08');
INSERT INTO users VALUES(3,'Carol Davis','carol@budget.test','$2b$12$YMcZ1RWaFIWwfoR04ClVje9ttbwJnVypUv71gS8zitlTRqOWd..Ly','2025-09-13 11:27:08');
INSERT INTO users VALUES(4,'Alice Johnson','alice@example.com','$2b$12$.6XQti9efSgBSkRll5oVleax40usw/uS90YWVFx4bXCU2dFiMIZUS','2025-09-15 05:16:38');
INSERT INTO users VALUES(5,'Bob Smith','bob@example.com','$2b$12$tzR.8uWARINIQVjPCYNSPem2ftwznnC0jkiEFmeI/ZFT4KDF/hEd2','2025-09-15 05:16:38');
INSERT INTO users VALUES(6,'Carol Davis','carol@example.com','$2b$12$nt9yGsle4mnPe5VKv0tOZeW9f/5oUZ0ji72FV2PtaBIn0hiLskbae','2025-09-15 05:16:38');
INSERT INTO users VALUES(7,'Test User','test@example.com','$2b$12$tUUZ.gCa.DzPelSSAGPSnOJCVwhAwcXj1EGwIh.K2mFv5fLWXFsFm','2025-09-15 08:11:16');
INSERT INTO users VALUES(8,'Likash Gunisetti','gunisettilikash@gmail.com','$2b$12$o75GypQfYyGfL87TIR8pke.xFIPk6jBWtV.KHQqLxwgTTC5UuB3EW','2025-09-15 08:12:18');
INSERT INTO users VALUES(9,'Satish Vanga  ','satishv700@gmail.com','$2b$12$158ouQxyvsH.qfgxOcny2uBgqKwRHzXta8v1CATkUfBNKt.WziJCS','2025-09-15 10:26:51');
INSERT INTO users VALUES(10,'vamshikrishna pothani','vamshipatel836@gmail.com','$2b$12$4RK6ZdXvp4blRsbWD54ihezhfj1fritfAfYO4hL/qEA.WthWuePG6','2025-09-16 04:55:27');
INSERT INTO users VALUES(11,'vanga','vanga@123.com','$2b$12$sPnrABcLXDL817whKQN54ee.EUupaVVGRA9.0CP5mNJsXFyunrRx.','2025-09-16 05:24:33');
CREATE TABLE transactions (
	id INTEGER NOT NULL, 
	user_id INTEGER NOT NULL, 
	amount FLOAT NOT NULL, 
	description VARCHAR(255) NOT NULL, 
	category VARCHAR(100) NOT NULL, 
	type VARCHAR(20) NOT NULL, 
	date DATETIME NOT NULL, 
	created_at DATETIME DEFAULT (CURRENT_TIMESTAMP), 
	PRIMARY KEY (id), 
	FOREIGN KEY(user_id) REFERENCES users (id)
);
INSERT INTO transactions VALUES(1,1,587.5199999999999819,'Freelance income','Bonus','income','2025-09-20 16:57:08.770021','2025-09-13 11:27:08');
INSERT INTO transactions VALUES(2,1,929.940000000000054,'Salary income','Freelance','income','2025-09-03 16:57:08.770021','2025-09-13 11:27:08');
INSERT INTO transactions VALUES(3,1,2355.139999999999873,'Salary income','Investment','income','2025-09-22 16:57:08.770021','2025-09-13 11:27:08');
INSERT INTO transactions VALUES(4,1,1088.670000000000073,'Investment income','Salary','income','2025-09-26 16:57:08.770021','2025-09-13 11:27:08');
INSERT INTO transactions VALUES(5,1,108.7399999999999949,'Expense for shopping','Transportation','expense','2025-09-16 16:57:08.770021','2025-09-13 11:27:08');
INSERT INTO transactions VALUES(6,1,121.8499999999999944,'Expense for food','Entertainment','expense','2025-09-28 16:57:08.770021','2025-09-13 11:27:08');
INSERT INTO transactions VALUES(7,1,159.8700000000000045,'Expense for transportation','Transportation','expense','2025-09-22 16:57:08.770021','2025-09-13 11:27:08');
INSERT INTO transactions VALUES(8,1,170.0699999999999932,'Expense for transportation','Healthcare','expense','2025-09-16 16:57:08.770021','2025-09-13 11:27:08');
INSERT INTO transactions VALUES(9,1,148.6399999999999863,'Expense for shopping','Healthcare','expense','2025-09-13 16:57:08.770021','2025-09-13 11:27:08');
INSERT INTO transactions VALUES(10,1,23.35999999999999944,'Expense for transportation','Healthcare','expense','2025-09-25 16:57:08.770021','2025-09-13 11:27:08');
INSERT INTO transactions VALUES(11,1,79.31999999999999317,'Expense for transportation','Shopping','expense','2025-09-27 16:57:08.770021','2025-09-13 11:27:08');
INSERT INTO transactions VALUES(12,1,144.3100000000000022,'Expense for bills','Entertainment','expense','2025-09-23 16:57:08.770021','2025-09-13 11:27:08');
INSERT INTO transactions VALUES(13,1,166.3100000000000022,'Expense for food','Shopping','expense','2025-09-17 16:57:08.770021','2025-09-13 11:27:08');
INSERT INTO transactions VALUES(14,1,94.1500000000000056,'Expense for food','Healthcare','expense','2025-09-28 16:57:08.770021','2025-09-13 11:27:08');
INSERT INTO transactions VALUES(15,1,71.73000000000000397,'Expense for food','Healthcare','expense','2025-09-05 16:57:08.770021','2025-09-13 11:27:08');
INSERT INTO transactions VALUES(16,1,2458.15000000000009,'Bonus income','Salary','income','2025-08-11 16:57:08.770211','2025-09-13 11:27:08');
INSERT INTO transactions VALUES(17,1,1435.839999999999919,'Salary income','Investment','income','2025-08-21 16:57:08.770211','2025-09-13 11:27:08');
INSERT INTO transactions VALUES(18,1,2554.7800000000002,'Salary income','Bonus','income','2025-08-04 16:57:08.770211','2025-09-13 11:27:08');
INSERT INTO transactions VALUES(19,1,609.2999999999999546,'Investment income','Salary','income','2025-08-14 16:57:08.770211','2025-09-13 11:27:08');
INSERT INTO transactions VALUES(20,1,81.73000000000000397,'Expense for bills','Shopping','expense','2025-08-03 16:57:08.770211','2025-09-13 11:27:08');
INSERT INTO transactions VALUES(21,1,171.2700000000000102,'Expense for bills','Shopping','expense','2025-08-13 16:57:08.770211','2025-09-13 11:27:08');
INSERT INTO transactions VALUES(22,1,190.1999999999999887,'Expense for healthcare','Shopping','expense','2025-08-16 16:57:08.770211','2025-09-13 11:27:08');
INSERT INTO transactions VALUES(23,1,115.5199999999999961,'Expense for transportation','Bills','expense','2025-08-05 16:57:08.770211','2025-09-13 11:27:08');
INSERT INTO transactions VALUES(24,1,172.259999999999991,'Expense for food','Bills','expense','2025-08-23 16:57:08.770211','2025-09-13 11:27:08');
INSERT INTO transactions VALUES(25,1,190.8700000000000045,'Expense for healthcare','Food','expense','2025-08-11 16:57:08.770211','2025-09-13 11:27:08');
INSERT INTO transactions VALUES(26,1,143.740000000000009,'Expense for bills','Shopping','expense','2025-08-16 16:57:08.770211','2025-09-13 11:27:08');
INSERT INTO transactions VALUES(27,1,118.7399999999999949,'Expense for entertainment','Healthcare','expense','2025-08-17 16:57:08.770211','2025-09-13 11:27:08');
INSERT INTO transactions VALUES(28,1,14.98000000000000042,'Expense for entertainment','Bills','expense','2025-08-04 16:57:08.770211','2025-09-13 11:27:08');
INSERT INTO transactions VALUES(29,1,15.96000000000000085,'Expense for bills','Healthcare','expense','2025-08-26 16:57:08.770211','2025-09-13 11:27:08');
INSERT INTO transactions VALUES(30,1,193.0900000000000034,'Expense for entertainment','Food','expense','2025-08-30 16:57:08.770211','2025-09-13 11:27:08');
INSERT INTO transactions VALUES(31,1,28.3299999999999983,'Expense for transportation','Transportation','expense','2025-08-24 16:57:08.770211','2025-09-13 11:27:08');
INSERT INTO transactions VALUES(32,1,158.8700000000000045,'Expense for transportation','Bills','expense','2025-08-17 16:57:08.770211','2025-09-13 11:27:08');
INSERT INTO transactions VALUES(33,1,197.4499999999999887,'Expense for transportation','Entertainment','expense','2025-08-16 16:57:08.770211','2025-09-13 11:27:08');
INSERT INTO transactions VALUES(34,1,96.0100000000000051,'Expense for healthcare','Bills','expense','2025-08-18 16:57:08.770211','2025-09-13 11:27:08');
INSERT INTO transactions VALUES(35,1,1712.259999999999991,'Investment income','Investment','income','2025-07-09 16:57:08.770418','2025-09-13 11:27:08');
INSERT INTO transactions VALUES(36,1,1380.200000000000045,'Freelance income','Freelance','income','2025-07-05 16:57:08.770418','2025-09-13 11:27:08');
INSERT INTO transactions VALUES(37,1,2196.409999999999854,'Investment income','Freelance','income','2025-07-21 16:57:08.770418','2025-09-13 11:27:08');
INSERT INTO transactions VALUES(38,1,2782.090000000000145,'Investment income','Investment','income','2025-07-26 16:57:08.770418','2025-09-13 11:27:08');
INSERT INTO transactions VALUES(39,1,182.1200000000000045,'Expense for healthcare','Food','expense','2025-07-14 16:57:08.770418','2025-09-13 11:27:08');
INSERT INTO transactions VALUES(40,1,16.57000000000000028,'Expense for shopping','Food','expense','2025-07-18 16:57:08.770418','2025-09-13 11:27:08');
INSERT INTO transactions VALUES(41,1,139.8300000000000125,'Expense for shopping','Entertainment','expense','2025-07-21 16:57:08.770418','2025-09-13 11:27:08');
INSERT INTO transactions VALUES(42,1,113.4000000000000056,'Expense for transportation','Food','expense','2025-07-29 16:57:08.770418','2025-09-13 11:27:08');
INSERT INTO transactions VALUES(43,1,155.240000000000009,'Expense for entertainment','Bills','expense','2025-07-24 16:57:08.770418','2025-09-13 11:27:08');
INSERT INTO transactions VALUES(44,1,136.9699999999999989,'Expense for healthcare','Entertainment','expense','2025-07-16 16:57:08.770418','2025-09-13 11:27:08');
INSERT INTO transactions VALUES(45,1,63.46000000000000085,'Expense for transportation','Shopping','expense','2025-07-31 16:57:08.770418','2025-09-13 11:27:08');
INSERT INTO transactions VALUES(46,1,44.38000000000000255,'Expense for transportation','Bills','expense','2025-07-26 16:57:08.770418','2025-09-13 11:27:08');
INSERT INTO transactions VALUES(47,1,143.7700000000000102,'Expense for transportation','Shopping','expense','2025-07-23 16:57:08.770418','2025-09-13 11:27:08');
INSERT INTO transactions VALUES(48,1,22.37999999999999901,'Expense for transportation','Shopping','expense','2025-07-17 16:57:08.770418','2025-09-13 11:27:08');
INSERT INTO transactions VALUES(49,1,99.9099999999999966,'Expense for entertainment','Food','expense','2025-07-17 16:57:08.770418','2025-09-13 11:27:08');
INSERT INTO transactions VALUES(50,1,197.1899999999999978,'Expense for bills','Food','expense','2025-07-22 16:57:08.770418','2025-09-13 11:27:08');
INSERT INTO transactions VALUES(51,1,45.97999999999999687,'Expense for healthcare','Entertainment','expense','2025-07-04 16:57:08.770418','2025-09-13 11:27:08');
INSERT INTO transactions VALUES(52,1,106.0,'Expense for entertainment','Bills','expense','2025-07-10 16:57:08.770418','2025-09-13 11:27:08');
INSERT INTO transactions VALUES(53,1,158.0600000000000022,'Expense for entertainment','Entertainment','expense','2025-07-20 16:57:08.770418','2025-09-13 11:27:08');
INSERT INTO transactions VALUES(54,1,184.8400000000000034,'Expense for bills','Bills','expense','2025-07-18 16:57:08.770418','2025-09-13 11:27:08');
INSERT INTO transactions VALUES(55,1,103.25,'Expense for shopping','Food','expense','2025-07-13 16:57:08.770418','2025-09-13 11:27:08');
INSERT INTO transactions VALUES(56,1,135.9199999999999875,'Expense for bills','Entertainment','expense','2025-07-29 16:57:08.770418','2025-09-13 11:27:08');
INSERT INTO transactions VALUES(57,1,105.6400000000000005,'Expense for shopping','Transportation','expense','2025-07-22 16:57:08.770418','2025-09-13 11:27:08');
INSERT INTO transactions VALUES(58,1,35.79999999999999715,'Expense for healthcare','Food','expense','2025-07-19 16:57:08.770418','2025-09-13 11:27:08');
INSERT INTO transactions VALUES(59,1,118.8199999999999932,'Expense for bills','Bills','expense','2025-07-13 16:57:08.770418','2025-09-13 11:27:08');
INSERT INTO transactions VALUES(60,1,74.34000000000000341,'Expense for food','Transportation','expense','2025-07-22 16:57:08.770418','2025-09-13 11:27:08');
INSERT INTO transactions VALUES(61,1,186.5699999999999932,'Expense for bills','Shopping','expense','2025-07-27 16:57:08.770418','2025-09-13 11:27:08');
INSERT INTO transactions VALUES(62,1,43.77000000000000313,'Expense for entertainment','Healthcare','expense','2025-07-16 16:57:08.770418','2025-09-13 11:27:08');
INSERT INTO transactions VALUES(63,2,1834.920000000000072,'Freelance income','Bonus','income','2025-09-24 16:57:08.770635','2025-09-13 11:27:08');
INSERT INTO transactions VALUES(64,2,2359.289999999999964,'Bonus income','Bonus','income','2025-09-27 16:57:08.770635','2025-09-13 11:27:08');
INSERT INTO transactions VALUES(65,2,811.2899999999999637,'Investment income','Investment','income','2025-09-20 16:57:08.770635','2025-09-13 11:27:08');
INSERT INTO transactions VALUES(66,2,2421.800000000000181,'Salary income','Salary','income','2025-09-02 16:57:08.770635','2025-09-13 11:27:08');
INSERT INTO transactions VALUES(67,2,69.12999999999999546,'Expense for bills','Healthcare','expense','2025-09-11 16:57:08.770635','2025-09-13 11:27:08');
INSERT INTO transactions VALUES(68,2,48.78000000000000113,'Expense for entertainment','Transportation','expense','2025-09-08 16:57:08.770635','2025-09-13 11:27:08');
INSERT INTO transactions VALUES(69,2,13.59999999999999965,'Expense for transportation','Transportation','expense','2025-09-19 16:57:08.770635','2025-09-13 11:27:08');
INSERT INTO transactions VALUES(70,2,64.37999999999999546,'Expense for transportation','Entertainment','expense','2025-09-14 16:57:08.770635','2025-09-13 11:27:08');
INSERT INTO transactions VALUES(71,2,153.1800000000000068,'Expense for bills','Bills','expense','2025-09-29 16:57:08.770635','2025-09-13 11:27:08');
INSERT INTO transactions VALUES(72,2,12.33000000000000007,'Expense for shopping','Entertainment','expense','2025-09-22 16:57:08.770635','2025-09-13 11:27:08');
INSERT INTO transactions VALUES(73,2,129.1299999999999955,'Expense for entertainment','Food','expense','2025-09-12 16:57:08.770635','2025-09-13 11:27:08');
INSERT INTO transactions VALUES(74,2,159.490000000000009,'Expense for entertainment','Bills','expense','2025-09-03 16:57:08.770635','2025-09-13 11:27:08');
INSERT INTO transactions VALUES(75,2,90.40999999999999659,'Expense for bills','Food','expense','2025-09-08 16:57:08.770635','2025-09-13 11:27:08');
INSERT INTO transactions VALUES(76,2,164.4000000000000056,'Expense for entertainment','Entertainment','expense','2025-09-21 16:57:08.770635','2025-09-13 11:27:08');
INSERT INTO transactions VALUES(77,2,74.85999999999999944,'Expense for healthcare','Shopping','expense','2025-09-02 16:57:08.770635','2025-09-13 11:27:08');
INSERT INTO transactions VALUES(78,2,31.10999999999999944,'Expense for food','Food','expense','2025-09-28 16:57:08.770635','2025-09-13 11:27:08');
INSERT INTO transactions VALUES(79,2,40.75,'Expense for transportation','Food','expense','2025-09-12 16:57:08.770635','2025-09-13 11:27:08');
INSERT INTO transactions VALUES(80,2,22.64999999999999857,'Expense for bills','Bills','expense','2025-09-02 16:57:08.770635','2025-09-13 11:27:08');
INSERT INTO transactions VALUES(81,2,2067.389999999999873,'Salary income','Salary','income','2025-08-12 16:57:08.770785','2025-09-13 11:27:08');
INSERT INTO transactions VALUES(82,2,509.5799999999999841,'Salary income','Salary','income','2025-08-07 16:57:08.770785','2025-09-13 11:27:08');
INSERT INTO transactions VALUES(83,2,2901.840000000000145,'Freelance income','Investment','income','2025-08-25 16:57:08.770785','2025-09-13 11:27:08');
INSERT INTO transactions VALUES(84,2,42.95000000000000285,'Expense for healthcare','Entertainment','expense','2025-08-14 16:57:08.770785','2025-09-13 11:27:08');
INSERT INTO transactions VALUES(85,2,146.9199999999999875,'Expense for transportation','Healthcare','expense','2025-08-14 16:57:08.770785','2025-09-13 11:27:08');
INSERT INTO transactions VALUES(86,2,160.6200000000000045,'Expense for entertainment','Bills','expense','2025-08-09 16:57:08.770785','2025-09-13 11:27:08');
INSERT INTO transactions VALUES(87,2,138.25,'Expense for shopping','Transportation','expense','2025-08-04 16:57:08.770785','2025-09-13 11:27:08');
INSERT INTO transactions VALUES(88,2,35.14999999999999858,'Expense for bills','Entertainment','expense','2025-08-08 16:57:08.770785','2025-09-13 11:27:08');
INSERT INTO transactions VALUES(89,2,125.8100000000000022,'Expense for shopping','Healthcare','expense','2025-08-10 16:57:08.770785','2025-09-13 11:27:08');
INSERT INTO transactions VALUES(90,2,59.13000000000000255,'Expense for healthcare','Transportation','expense','2025-08-22 16:57:08.770785','2025-09-13 11:27:08');
INSERT INTO transactions VALUES(91,2,23.01999999999999958,'Expense for shopping','Transportation','expense','2025-08-27 16:57:08.770785','2025-09-13 11:27:08');
INSERT INTO transactions VALUES(92,2,91.84000000000000341,'Expense for transportation','Food','expense','2025-08-04 16:57:08.770785','2025-09-13 11:27:08');
INSERT INTO transactions VALUES(93,2,173.8199999999999932,'Expense for transportation','Transportation','expense','2025-08-21 16:57:08.770785','2025-09-13 11:27:08');
INSERT INTO transactions VALUES(94,2,156.8300000000000125,'Expense for healthcare','Bills','expense','2025-08-17 16:57:08.770785','2025-09-13 11:27:08');
INSERT INTO transactions VALUES(95,2,138.8300000000000125,'Expense for healthcare','Shopping','expense','2025-08-26 16:57:08.770785','2025-09-13 11:27:08');
INSERT INTO transactions VALUES(96,2,13.63000000000000078,'Expense for shopping','Healthcare','expense','2025-08-04 16:57:08.770785','2025-09-13 11:27:08');
INSERT INTO transactions VALUES(97,2,112.7099999999999938,'Expense for healthcare','Transportation','expense','2025-08-21 16:57:08.770785','2025-09-13 11:27:08');
INSERT INTO transactions VALUES(98,2,51.36999999999999745,'Expense for entertainment','Bills','expense','2025-08-15 16:57:08.770785','2025-09-13 11:27:08');
INSERT INTO transactions VALUES(99,2,194.0600000000000022,'Expense for food','Food','expense','2025-08-19 16:57:08.770785','2025-09-13 11:27:08');
INSERT INTO transactions VALUES(100,2,64.62000000000000454,'Expense for shopping','Shopping','expense','2025-08-28 16:57:08.770785','2025-09-13 11:27:08');
INSERT INTO transactions VALUES(101,2,140.6699999999999875,'Expense for entertainment','Food','expense','2025-08-20 16:57:08.770785','2025-09-13 11:27:08');
INSERT INTO transactions VALUES(102,2,20.21000000000000085,'Expense for transportation','Shopping','expense','2025-08-09 16:57:08.770785','2025-09-13 11:27:08');
INSERT INTO transactions VALUES(103,2,96.6299999999999955,'Expense for transportation','Bills','expense','2025-08-29 16:57:08.770785','2025-09-13 11:27:08');
INSERT INTO transactions VALUES(104,2,118.1299999999999955,'Expense for bills','Shopping','expense','2025-08-28 16:57:08.770785','2025-09-13 11:27:08');
INSERT INTO transactions VALUES(105,2,59.40999999999999659,'Expense for shopping','Bills','expense','2025-08-27 16:57:08.770785','2025-09-13 11:27:08');
INSERT INTO transactions VALUES(106,2,111.1500000000000056,'Expense for bills','Entertainment','expense','2025-08-21 16:57:08.770785','2025-09-13 11:27:08');
INSERT INTO transactions VALUES(107,2,155.8100000000000022,'Expense for shopping','Transportation','expense','2025-08-25 16:57:08.770785','2025-09-13 11:27:08');
INSERT INTO transactions VALUES(108,2,96.0799999999999983,'Expense for food','Food','expense','2025-08-08 16:57:08.770785','2025-09-13 11:27:08');
INSERT INTO transactions VALUES(109,2,902.9700000000000272,'Investment income','Investment','income','2025-07-14 16:57:08.771591','2025-09-13 11:27:08');
INSERT INTO transactions VALUES(110,2,1128.170000000000073,'Investment income','Salary','income','2025-07-12 16:57:08.771591','2025-09-13 11:27:08');
INSERT INTO transactions VALUES(111,2,604.8600000000000136,'Investment income','Investment','income','2025-07-29 16:57:08.771591','2025-09-13 11:27:08');
INSERT INTO transactions VALUES(112,2,85.62000000000000454,'Expense for food','Food','expense','2025-07-18 16:57:08.771591','2025-09-13 11:27:08');
INSERT INTO transactions VALUES(113,2,160.2899999999999921,'Expense for bills','Entertainment','expense','2025-07-14 16:57:08.771591','2025-09-13 11:27:08');
INSERT INTO transactions VALUES(114,2,56.10999999999999944,'Expense for food','Transportation','expense','2025-07-04 16:57:08.771591','2025-09-13 11:27:08');
INSERT INTO transactions VALUES(115,2,140.5399999999999921,'Expense for transportation','Entertainment','expense','2025-07-04 16:57:08.771591','2025-09-13 11:27:08');
INSERT INTO transactions VALUES(116,2,103.2999999999999972,'Expense for food','Bills','expense','2025-07-08 16:57:08.771591','2025-09-13 11:27:08');
INSERT INTO transactions VALUES(117,2,122.5600000000000022,'Expense for shopping','Healthcare','expense','2025-07-18 16:57:08.771591','2025-09-13 11:27:08');
INSERT INTO transactions VALUES(118,2,106.5100000000000051,'Expense for healthcare','Entertainment','expense','2025-07-08 16:57:08.771591','2025-09-13 11:27:08');
INSERT INTO transactions VALUES(119,2,77.65999999999999659,'Expense for entertainment','Entertainment','expense','2025-07-21 16:57:08.771591','2025-09-13 11:27:08');
INSERT INTO transactions VALUES(120,2,196.4399999999999978,'Expense for shopping','Transportation','expense','2025-07-29 16:57:08.771591','2025-09-13 11:27:08');
INSERT INTO transactions VALUES(121,2,121.1800000000000068,'Expense for shopping','Food','expense','2025-07-23 16:57:08.771591','2025-09-13 11:27:08');
INSERT INTO transactions VALUES(122,2,93.5400000000000062,'Expense for entertainment','Shopping','expense','2025-07-25 16:57:08.771591','2025-09-13 11:27:08');
INSERT INTO transactions VALUES(123,2,10.50999999999999979,'Expense for shopping','Entertainment','expense','2025-07-24 16:57:08.771591','2025-09-13 11:27:08');
INSERT INTO transactions VALUES(124,2,173.1299999999999955,'Expense for transportation','Transportation','expense','2025-07-31 16:57:08.771591','2025-09-13 11:27:08');
INSERT INTO transactions VALUES(125,2,13.08000000000000007,'Expense for food','Entertainment','expense','2025-07-19 16:57:08.771591','2025-09-13 11:27:08');
INSERT INTO transactions VALUES(126,2,57.53999999999999915,'Expense for food','Shopping','expense','2025-07-12 16:57:08.771591','2025-09-13 11:27:08');
INSERT INTO transactions VALUES(127,3,2193.010000000000219,'Bonus income','Investment','income','2025-09-10 16:57:08.771735','2025-09-13 11:27:08');
INSERT INTO transactions VALUES(128,3,2689.639999999999873,'Salary income','Investment','income','2025-09-27 16:57:08.771735','2025-09-13 11:27:08');
INSERT INTO transactions VALUES(129,3,1310.299999999999955,'Freelance income','Investment','income','2025-09-22 16:57:08.771735','2025-09-13 11:27:08');
INSERT INTO transactions VALUES(130,3,1125.259999999999991,'Investment income','Salary','income','2025-09-08 16:57:08.771735','2025-09-13 11:27:08');
INSERT INTO transactions VALUES(131,3,172.1100000000000137,'Expense for entertainment','Food','expense','2025-09-18 16:57:08.771735','2025-09-13 11:27:08');
INSERT INTO transactions VALUES(132,3,44.21000000000000085,'Expense for entertainment','Healthcare','expense','2025-09-07 16:57:08.771735','2025-09-13 11:27:08');
INSERT INTO transactions VALUES(133,3,69.01999999999999603,'Expense for shopping','Entertainment','expense','2025-09-18 16:57:08.771735','2025-09-13 11:27:08');
INSERT INTO transactions VALUES(134,3,23.92999999999999972,'Expense for bills','Bills','expense','2025-09-06 16:57:08.771735','2025-09-13 11:27:08');
INSERT INTO transactions VALUES(135,3,192.2899999999999921,'Expense for entertainment','Shopping','expense','2025-09-04 16:57:08.771735','2025-09-13 11:27:08');
INSERT INTO transactions VALUES(136,3,37.6700000000000017,'Expense for transportation','Shopping','expense','2025-09-18 16:57:08.771735','2025-09-13 11:27:08');
INSERT INTO transactions VALUES(137,3,119.5600000000000022,'Expense for healthcare','Bills','expense','2025-09-28 16:57:08.771735','2025-09-13 11:27:08');
INSERT INTO transactions VALUES(138,3,182.8600000000000137,'Expense for shopping','Transportation','expense','2025-09-07 16:57:08.771735','2025-09-13 11:27:08');
INSERT INTO transactions VALUES(139,3,58.82000000000000028,'Expense for entertainment','Bills','expense','2025-09-12 16:57:08.771735','2025-09-13 11:27:08');
INSERT INTO transactions VALUES(140,3,93.0799999999999983,'Expense for food','Healthcare','expense','2025-09-16 16:57:08.771735','2025-09-13 11:27:08');
INSERT INTO transactions VALUES(141,3,188.2299999999999898,'Expense for entertainment','Bills','expense','2025-09-02 16:57:08.771735','2025-09-13 11:27:08');
INSERT INTO transactions VALUES(142,3,126.0999999999999944,'Expense for entertainment','Shopping','expense','2025-09-05 16:57:08.771735','2025-09-13 11:27:08');
INSERT INTO transactions VALUES(143,3,62.88000000000000255,'Expense for shopping','Food','expense','2025-09-12 16:57:08.771735','2025-09-13 11:27:08');
INSERT INTO transactions VALUES(144,3,67.54000000000000626,'Expense for healthcare','Transportation','expense','2025-09-06 16:57:08.771735','2025-09-13 11:27:08');
INSERT INTO transactions VALUES(145,3,104.1099999999999995,'Expense for entertainment','Transportation','expense','2025-09-08 16:57:08.771735','2025-09-13 11:27:08');
INSERT INTO transactions VALUES(146,3,66.71999999999999887,'Expense for healthcare','Entertainment','expense','2025-09-14 16:57:08.771735','2025-09-13 11:27:08');
INSERT INTO transactions VALUES(147,3,146.3499999999999944,'Expense for bills','Food','expense','2025-09-12 16:57:08.771735','2025-09-13 11:27:08');
INSERT INTO transactions VALUES(148,3,28.67999999999999972,'Expense for bills','Transportation','expense','2025-09-15 16:57:08.771735','2025-09-13 11:27:08');
INSERT INTO transactions VALUES(149,3,53.38000000000000255,'Expense for food','Food','expense','2025-09-24 16:57:08.771735','2025-09-13 11:27:08');
INSERT INTO transactions VALUES(150,3,24.1700000000000017,'Expense for bills','Shopping','expense','2025-09-27 16:57:08.771735','2025-09-13 11:27:08');
INSERT INTO transactions VALUES(151,3,2824.840000000000145,'Investment income','Bonus','income','2025-08-27 16:57:08.771928','2025-09-13 11:27:08');
INSERT INTO transactions VALUES(152,3,2797.5,'Bonus income','Investment','income','2025-08-07 16:57:08.771928','2025-09-13 11:27:08');
INSERT INTO transactions VALUES(153,3,2642.679999999999837,'Freelance income','Salary','income','2025-08-08 16:57:08.771928','2025-09-13 11:27:08');
INSERT INTO transactions VALUES(154,3,31.35000000000000142,'Expense for bills','Bills','expense','2025-08-05 16:57:08.771928','2025-09-13 11:27:08');
INSERT INTO transactions VALUES(155,3,169.2899999999999921,'Expense for healthcare','Shopping','expense','2025-08-26 16:57:08.771928','2025-09-13 11:27:08');
INSERT INTO transactions VALUES(156,3,70.84000000000000341,'Expense for food','Transportation','expense','2025-08-10 16:57:08.771928','2025-09-13 11:27:08');
INSERT INTO transactions VALUES(157,3,81.37999999999999546,'Expense for shopping','Healthcare','expense','2025-08-19 16:57:08.771928','2025-09-13 11:27:08');
INSERT INTO transactions VALUES(158,3,130.8600000000000137,'Expense for healthcare','Entertainment','expense','2025-08-11 16:57:08.771928','2025-09-13 11:27:08');
INSERT INTO transactions VALUES(159,3,160.1299999999999955,'Expense for entertainment','Food','expense','2025-08-07 16:57:08.771928','2025-09-13 11:27:08');
INSERT INTO transactions VALUES(160,3,61.79999999999999716,'Expense for bills','Healthcare','expense','2025-08-12 16:57:08.771928','2025-09-13 11:27:08');
INSERT INTO transactions VALUES(161,3,174.4000000000000056,'Expense for healthcare','Healthcare','expense','2025-08-15 16:57:08.771928','2025-09-13 11:27:08');
INSERT INTO transactions VALUES(162,3,49.35999999999999944,'Expense for food','Transportation','expense','2025-08-23 16:57:08.771928','2025-09-13 11:27:08');
INSERT INTO transactions VALUES(163,3,174.3499999999999944,'Expense for food','Shopping','expense','2025-08-17 16:57:08.771928','2025-09-13 11:27:08');
INSERT INTO transactions VALUES(164,3,89.60999999999999944,'Expense for transportation','Shopping','expense','2025-08-12 16:57:08.771928','2025-09-13 11:27:08');
INSERT INTO transactions VALUES(165,3,46.52000000000000312,'Expense for food','Transportation','expense','2025-08-22 16:57:08.771928','2025-09-13 11:27:08');
INSERT INTO transactions VALUES(166,3,10.25999999999999979,'Expense for shopping','Bills','expense','2025-08-18 16:57:08.771928','2025-09-13 11:27:08');
INSERT INTO transactions VALUES(167,3,56.15999999999999659,'Expense for bills','Transportation','expense','2025-08-04 16:57:08.771928','2025-09-13 11:27:08');
INSERT INTO transactions VALUES(168,3,185.9600000000000079,'Expense for food','Transportation','expense','2025-08-05 16:57:08.771928','2025-09-13 11:27:08');
INSERT INTO transactions VALUES(169,3,64.35999999999999944,'Expense for food','Shopping','expense','2025-08-21 16:57:08.771928','2025-09-13 11:27:08');
INSERT INTO transactions VALUES(170,3,196.0999999999999944,'Expense for entertainment','Food','expense','2025-08-14 16:57:08.771928','2025-09-13 11:27:08');
INSERT INTO transactions VALUES(171,3,163.240000000000009,'Expense for food','Food','expense','2025-08-17 16:57:08.771928','2025-09-13 11:27:08');
INSERT INTO transactions VALUES(172,3,17.12999999999999901,'Expense for bills','Transportation','expense','2025-08-25 16:57:08.771928','2025-09-13 11:27:08');
INSERT INTO transactions VALUES(173,3,186.4399999999999978,'Expense for entertainment','Transportation','expense','2025-08-07 16:57:08.771928','2025-09-13 11:27:08');
INSERT INTO transactions VALUES(174,3,1681.460000000000036,'Investment income','Bonus','income','2025-07-27 16:57:08.772109','2025-09-13 11:27:08');
INSERT INTO transactions VALUES(175,3,1973.279999999999973,'Salary income','Bonus','income','2025-07-12 16:57:08.772109','2025-09-13 11:27:08');
INSERT INTO transactions VALUES(176,3,649.2300000000000181,'Bonus income','Freelance','income','2025-07-10 16:57:08.772109','2025-09-13 11:27:08');
INSERT INTO transactions VALUES(177,3,131.9399999999999978,'Expense for bills','Food','expense','2025-07-13 16:57:08.772109','2025-09-13 11:27:08');
INSERT INTO transactions VALUES(178,3,50.17999999999999972,'Expense for entertainment','Food','expense','2025-07-19 16:57:08.772109','2025-09-13 11:27:08');
INSERT INTO transactions VALUES(179,3,36.96000000000000085,'Expense for transportation','Transportation','expense','2025-07-30 16:57:08.772109','2025-09-13 11:27:08');
INSERT INTO transactions VALUES(180,3,146.490000000000009,'Expense for transportation','Shopping','expense','2025-07-31 16:57:08.772109','2025-09-13 11:27:08');
INSERT INTO transactions VALUES(181,3,190.8899999999999863,'Expense for bills','Transportation','expense','2025-07-17 16:57:08.772109','2025-09-13 11:27:08');
INSERT INTO transactions VALUES(182,3,19.51999999999999958,'Expense for bills','Entertainment','expense','2025-07-16 16:57:08.772109','2025-09-13 11:27:08');
INSERT INTO transactions VALUES(183,3,58.89999999999999858,'Expense for healthcare','Entertainment','expense','2025-07-10 16:57:08.772109','2025-09-13 11:27:08');
INSERT INTO transactions VALUES(184,3,92.04000000000000626,'Expense for bills','Bills','expense','2025-07-19 16:57:08.772109','2025-09-13 11:27:08');
INSERT INTO transactions VALUES(185,3,82.09000000000000341,'Expense for shopping','Shopping','expense','2025-07-09 16:57:08.772109','2025-09-13 11:27:08');
INSERT INTO transactions VALUES(186,3,110.1899999999999978,'Expense for transportation','Healthcare','expense','2025-07-19 16:57:08.772109','2025-09-13 11:27:08');
INSERT INTO transactions VALUES(187,3,145.5999999999999944,'Expense for transportation','Healthcare','expense','2025-07-16 16:57:08.772109','2025-09-13 11:27:08');
INSERT INTO transactions VALUES(188,3,119.2699999999999961,'Expense for food','Shopping','expense','2025-07-11 16:57:08.772109','2025-09-13 11:27:08');
INSERT INTO transactions VALUES(189,3,103.7699999999999961,'Expense for bills','Transportation','expense','2025-07-11 16:57:08.772109','2025-09-13 11:27:08');
INSERT INTO transactions VALUES(190,3,104.5600000000000022,'Expense for food','Food','expense','2025-07-22 16:57:08.772109','2025-09-13 11:27:08');
INSERT INTO transactions VALUES(191,3,13.16999999999999993,'Expense for entertainment','Transportation','expense','2025-07-26 16:57:08.772109','2025-09-13 11:27:08');
INSERT INTO transactions VALUES(192,3,187.5500000000000113,'Expense for transportation','Bills','expense','2025-07-09 16:57:08.772109','2025-09-13 11:27:08');
INSERT INTO transactions VALUES(193,3,187.7700000000000102,'Expense for healthcare','Entertainment','expense','2025-07-30 16:57:08.772109','2025-09-13 11:27:08');
INSERT INTO transactions VALUES(194,3,70.23000000000000397,'Expense for entertainment','Healthcare','expense','2025-07-20 16:57:08.772109','2025-09-13 11:27:08');
INSERT INTO transactions VALUES(195,3,152.490000000000009,'Expense for bills','Shopping','expense','2025-07-15 16:57:08.772109','2025-09-13 11:27:08');
INSERT INTO transactions VALUES(196,3,184.0,'Expense for bills','Entertainment','expense','2025-07-07 16:57:08.772109','2025-09-13 11:27:08');
INSERT INTO transactions VALUES(197,3,47.53000000000000113,'Expense for transportation','Entertainment','expense','2025-07-29 16:57:08.772109','2025-09-13 11:27:08');
INSERT INTO transactions VALUES(198,3,12.34999999999999965,'Expense for transportation','Entertainment','expense','2025-07-04 16:57:08.772109','2025-09-13 11:27:08');
INSERT INTO transactions VALUES(199,3,32.09000000000000342,'Expense for entertainment','Healthcare','expense','2025-07-10 16:57:08.772109','2025-09-13 11:27:08');
INSERT INTO transactions VALUES(200,3,83.45000000000000284,'Expense for bills','Bills','expense','2025-07-09 16:57:08.772109','2025-09-13 11:27:08');
INSERT INTO transactions VALUES(201,1,2426.510000000000218,'Freelance income','Bonus','income','2025-09-04 10:46:38.781475','2025-09-15 05:16:38');
INSERT INTO transactions VALUES(202,1,686.7899999999999637,'Salary income','Salary','income','2025-09-20 10:46:38.781475','2025-09-15 05:16:38');
INSERT INTO transactions VALUES(203,1,1277.59999999999991,'Investment income','Bonus','income','2025-09-18 10:46:38.781475','2025-09-15 05:16:38');
INSERT INTO transactions VALUES(204,1,161.0500000000000113,'Expense for transportation','Shopping','expense','2025-09-05 10:46:38.781475','2025-09-15 05:16:38');
INSERT INTO transactions VALUES(205,1,73.90000000000000569,'Expense for food','Healthcare','expense','2025-09-13 10:46:38.781475','2025-09-15 05:16:38');
INSERT INTO transactions VALUES(206,1,71.54000000000000626,'Expense for healthcare','Food','expense','2025-09-05 10:46:38.781475','2025-09-15 05:16:38');
INSERT INTO transactions VALUES(207,1,47.45000000000000284,'Expense for transportation','Bills','expense','2025-09-24 10:46:38.781475','2025-09-15 05:16:38');
INSERT INTO transactions VALUES(208,1,63.02000000000000312,'Expense for shopping','Food','expense','2025-09-19 10:46:38.781475','2025-09-15 05:16:38');
INSERT INTO transactions VALUES(209,1,10.07000000000000028,'Expense for entertainment','Food','expense','2025-09-28 10:46:38.781475','2025-09-15 05:16:38');
INSERT INTO transactions VALUES(210,1,163.9699999999999989,'Expense for healthcare','Entertainment','expense','2025-09-13 10:46:38.781475','2025-09-15 05:16:38');
INSERT INTO transactions VALUES(211,1,133.9300000000000068,'Expense for shopping','Shopping','expense','2025-09-09 10:46:38.781475','2025-09-15 05:16:38');
INSERT INTO transactions VALUES(212,1,93.1099999999999995,'Expense for bills','Shopping','expense','2025-09-25 10:46:38.781475','2025-09-15 05:16:38');
INSERT INTO transactions VALUES(213,1,45.88000000000000255,'Expense for healthcare','Bills','expense','2025-09-16 10:46:38.781475','2025-09-15 05:16:38');
INSERT INTO transactions VALUES(214,1,18.14999999999999857,'Expense for shopping','Entertainment','expense','2025-09-08 10:46:38.781475','2025-09-15 05:16:38');
INSERT INTO transactions VALUES(215,1,16.37000000000000099,'Expense for entertainment','Healthcare','expense','2025-09-09 10:46:38.781475','2025-09-15 05:16:38');
INSERT INTO transactions VALUES(216,1,133.4199999999999875,'Expense for transportation','Healthcare','expense','2025-09-15 10:46:38.781475','2025-09-15 05:16:38');
INSERT INTO transactions VALUES(217,1,20.39999999999999857,'Expense for bills','Entertainment','expense','2025-09-06 10:46:38.781475','2025-09-15 05:16:38');
INSERT INTO transactions VALUES(218,1,116.4500000000000028,'Expense for bills','Shopping','expense','2025-09-21 10:46:38.781475','2025-09-15 05:16:38');
INSERT INTO transactions VALUES(219,1,151.509999999999991,'Expense for transportation','Food','expense','2025-09-15 10:46:38.781475','2025-09-15 05:16:38');
INSERT INTO transactions VALUES(220,1,93.75,'Expense for bills','Bills','expense','2025-09-06 10:46:38.781475','2025-09-15 05:16:38');
INSERT INTO transactions VALUES(221,1,156.8100000000000022,'Expense for shopping','Bills','expense','2025-09-10 10:46:38.781475','2025-09-15 05:16:38');
INSERT INTO transactions VALUES(222,1,2343.989999999999782,'Freelance income','Investment','income','2025-08-11 10:46:38.781710','2025-09-15 05:16:38');
INSERT INTO transactions VALUES(223,1,2205.230000000000018,'Freelance income','Freelance','income','2025-08-16 10:46:38.781710','2025-09-15 05:16:38');
INSERT INTO transactions VALUES(224,1,69.75,'Expense for entertainment','Transportation','expense','2025-08-03 10:46:38.781710','2025-09-15 05:16:38');
INSERT INTO transactions VALUES(225,1,175.1899999999999978,'Expense for shopping','Bills','expense','2025-08-13 10:46:38.781710','2025-09-15 05:16:38');
INSERT INTO transactions VALUES(226,1,157.9099999999999966,'Expense for entertainment','Shopping','expense','2025-08-06 10:46:38.781710','2025-09-15 05:16:38');
INSERT INTO transactions VALUES(227,1,78.56000000000000227,'Expense for food','Transportation','expense','2025-08-03 10:46:38.781710','2025-09-15 05:16:38');
INSERT INTO transactions VALUES(228,1,133.6100000000000137,'Expense for shopping','Entertainment','expense','2025-08-23 10:46:38.781710','2025-09-15 05:16:38');
INSERT INTO transactions VALUES(229,1,155.4300000000000068,'Expense for shopping','Healthcare','expense','2025-08-09 10:46:38.781710','2025-09-15 05:16:38');
INSERT INTO transactions VALUES(230,1,51.60999999999999944,'Expense for shopping','Bills','expense','2025-08-22 10:46:38.781710','2025-09-15 05:16:38');
INSERT INTO transactions VALUES(231,1,154.3600000000000137,'Expense for entertainment','Healthcare','expense','2025-08-18 10:46:38.781710','2025-09-15 05:16:38');
INSERT INTO transactions VALUES(232,1,101.0999999999999944,'Expense for healthcare','Transportation','expense','2025-08-23 10:46:38.781710','2025-09-15 05:16:38');
INSERT INTO transactions VALUES(233,1,61.29999999999999716,'Expense for bills','Transportation','expense','2025-08-11 10:46:38.781710','2025-09-15 05:16:38');
INSERT INTO transactions VALUES(234,1,107.2999999999999972,'Expense for entertainment','Shopping','expense','2025-08-25 10:46:38.781710','2025-09-15 05:16:38');
INSERT INTO transactions VALUES(235,1,181.9300000000000068,'Expense for transportation','Transportation','expense','2025-08-10 10:46:38.781710','2025-09-15 05:16:38');
INSERT INTO transactions VALUES(236,1,158.2800000000000011,'Expense for transportation','Food','expense','2025-08-15 10:46:38.781710','2025-09-15 05:16:38');
INSERT INTO transactions VALUES(237,1,176.6999999999999887,'Expense for shopping','Shopping','expense','2025-08-29 10:46:38.781710','2025-09-15 05:16:38');
INSERT INTO transactions VALUES(238,1,112.2800000000000011,'Expense for entertainment','Food','expense','2025-08-23 10:46:38.781710','2025-09-15 05:16:38');
INSERT INTO transactions VALUES(239,1,196.8400000000000034,'Expense for entertainment','Healthcare','expense','2025-08-14 10:46:38.781710','2025-09-15 05:16:38');
INSERT INTO transactions VALUES(240,1,188.4499999999999887,'Expense for shopping','Healthcare','expense','2025-08-13 10:46:38.781710','2025-09-15 05:16:38');
INSERT INTO transactions VALUES(241,1,2339.579999999999928,'Freelance income','Investment','income','2025-07-04 10:46:38.781856','2025-09-15 05:16:38');
INSERT INTO transactions VALUES(242,1,504.25,'Bonus income','Salary','income','2025-07-14 10:46:38.781856','2025-09-15 05:16:38');
INSERT INTO transactions VALUES(243,1,181.6100000000000137,'Expense for food','Shopping','expense','2025-07-09 10:46:38.781856','2025-09-15 05:16:38');
INSERT INTO transactions VALUES(244,1,34.21000000000000085,'Expense for entertainment','Healthcare','expense','2025-07-29 10:46:38.781856','2025-09-15 05:16:38');
INSERT INTO transactions VALUES(245,1,26.76999999999999958,'Expense for healthcare','Food','expense','2025-07-11 10:46:38.781856','2025-09-15 05:16:38');
INSERT INTO transactions VALUES(246,1,154.1800000000000068,'Expense for bills','Food','expense','2025-07-27 10:46:38.781856','2025-09-15 05:16:38');
INSERT INTO transactions VALUES(247,1,145.9699999999999989,'Expense for entertainment','Transportation','expense','2025-07-30 10:46:38.781856','2025-09-15 05:16:38');
INSERT INTO transactions VALUES(248,1,22.35999999999999944,'Expense for transportation','Healthcare','expense','2025-07-17 10:46:38.781856','2025-09-15 05:16:38');
INSERT INTO transactions VALUES(249,1,28.92999999999999972,'Expense for bills','Bills','expense','2025-07-20 10:46:38.781856','2025-09-15 05:16:38');
INSERT INTO transactions VALUES(250,1,73.81000000000000227,'Expense for food','Healthcare','expense','2025-07-30 10:46:38.781856','2025-09-15 05:16:38');
INSERT INTO transactions VALUES(251,1,40.09000000000000342,'Expense for healthcare','Healthcare','expense','2025-07-05 10:46:38.781856','2025-09-15 05:16:38');
INSERT INTO transactions VALUES(252,1,99.5100000000000051,'Expense for entertainment','Shopping','expense','2025-07-07 10:46:38.781856','2025-09-15 05:16:38');
INSERT INTO transactions VALUES(253,2,538.2100000000000363,'Bonus income','Investment','income','2025-09-14 10:46:38.781943','2025-09-15 05:16:38');
INSERT INTO transactions VALUES(254,2,2329.570000000000163,'Salary income','Salary','income','2025-09-02 10:46:38.781943','2025-09-15 05:16:38');
INSERT INTO transactions VALUES(255,2,1922.59999999999991,'Salary income','Freelance','income','2025-09-13 10:46:38.781943','2025-09-15 05:16:38');
INSERT INTO transactions VALUES(256,2,102.7600000000000051,'Expense for entertainment','Transportation','expense','2025-09-16 10:46:38.781943','2025-09-15 05:16:38');
INSERT INTO transactions VALUES(257,2,151.4000000000000056,'Expense for bills','Bills','expense','2025-09-26 10:46:38.781943','2025-09-15 05:16:38');
INSERT INTO transactions VALUES(258,2,153.3199999999999932,'Expense for food','Shopping','expense','2025-09-11 10:46:38.781943','2025-09-15 05:16:38');
INSERT INTO transactions VALUES(259,2,149.5300000000000011,'Expense for shopping','Shopping','expense','2025-09-26 10:46:38.781943','2025-09-15 05:16:38');
INSERT INTO transactions VALUES(260,2,107.4899999999999949,'Expense for shopping','Shopping','expense','2025-09-06 10:46:38.781943','2025-09-15 05:16:38');
INSERT INTO transactions VALUES(261,2,15.71000000000000085,'Expense for shopping','Shopping','expense','2025-09-20 10:46:38.781943','2025-09-15 05:16:38');
INSERT INTO transactions VALUES(262,2,20.17000000000000171,'Expense for entertainment','Bills','expense','2025-09-09 10:46:38.781943','2025-09-15 05:16:38');
INSERT INTO transactions VALUES(263,2,77.70999999999999374,'Expense for transportation','Bills','expense','2025-09-22 10:46:38.781943','2025-09-15 05:16:38');
INSERT INTO transactions VALUES(264,2,43.34000000000000342,'Expense for bills','Healthcare','expense','2025-09-21 10:46:38.781943','2025-09-15 05:16:38');
INSERT INTO transactions VALUES(265,2,165.6999999999999887,'Expense for food','Shopping','expense','2025-09-11 10:46:38.781943','2025-09-15 05:16:38');
INSERT INTO transactions VALUES(266,2,150.9799999999999898,'Expense for bills','Healthcare','expense','2025-09-09 10:46:38.781943','2025-09-15 05:16:38');
INSERT INTO transactions VALUES(267,2,39.78000000000000113,'Expense for bills','Transportation','expense','2025-09-19 10:46:38.781943','2025-09-15 05:16:38');
INSERT INTO transactions VALUES(268,2,157.8899999999999863,'Expense for food','Entertainment','expense','2025-09-21 10:46:38.781943','2025-09-15 05:16:38');
INSERT INTO transactions VALUES(269,2,85.37000000000000454,'Expense for healthcare','Food','expense','2025-09-06 10:46:38.781943','2025-09-15 05:16:38');
INSERT INTO transactions VALUES(270,2,760.9099999999999682,'Bonus income','Investment','income','2025-08-30 10:46:38.782068','2025-09-15 05:16:38');
INSERT INTO transactions VALUES(271,2,1380.529999999999973,'Investment income','Freelance','income','2025-08-25 10:46:38.782068','2025-09-15 05:16:38');
INSERT INTO transactions VALUES(272,2,773.1699999999999591,'Investment income','Freelance','income','2025-08-11 10:46:38.782068','2025-09-15 05:16:38');
INSERT INTO transactions VALUES(273,2,82.18000000000000683,'Expense for healthcare','Shopping','expense','2025-08-13 10:46:38.782068','2025-09-15 05:16:38');
INSERT INTO transactions VALUES(274,2,83.90000000000000569,'Expense for transportation','Transportation','expense','2025-08-10 10:46:38.782068','2025-09-15 05:16:38');
INSERT INTO transactions VALUES(275,2,56.43999999999999773,'Expense for bills','Healthcare','expense','2025-08-11 10:46:38.782068','2025-09-15 05:16:38');
INSERT INTO transactions VALUES(276,2,170.6699999999999875,'Expense for shopping','Entertainment','expense','2025-08-14 10:46:38.782068','2025-09-15 05:16:38');
INSERT INTO transactions VALUES(277,2,63.52000000000000312,'Expense for bills','Transportation','expense','2025-08-08 10:46:38.782068','2025-09-15 05:16:38');
INSERT INTO transactions VALUES(278,2,93.5199999999999961,'Expense for healthcare','Bills','expense','2025-08-26 10:46:38.782068','2025-09-15 05:16:38');
INSERT INTO transactions VALUES(279,2,134.0900000000000034,'Expense for bills','Bills','expense','2025-08-03 10:46:38.782068','2025-09-15 05:16:38');
INSERT INTO transactions VALUES(280,2,189.1800000000000068,'Expense for food','Entertainment','expense','2025-08-17 10:46:38.782068','2025-09-15 05:16:38');
INSERT INTO transactions VALUES(281,2,173.4199999999999875,'Expense for healthcare','Bills','expense','2025-08-14 10:46:38.782068','2025-09-15 05:16:38');
INSERT INTO transactions VALUES(282,2,78.84000000000000341,'Expense for bills','Food','expense','2025-08-12 10:46:38.782068','2025-09-15 05:16:38');
INSERT INTO transactions VALUES(283,2,199.0300000000000011,'Expense for healthcare','Transportation','expense','2025-08-26 10:46:38.782068','2025-09-15 05:16:38');
INSERT INTO transactions VALUES(284,2,44.89000000000000056,'Expense for entertainment','Shopping','expense','2025-08-05 10:46:38.782068','2025-09-15 05:16:38');
INSERT INTO transactions VALUES(285,2,63.90999999999999659,'Expense for entertainment','Shopping','expense','2025-08-19 10:46:38.782068','2025-09-15 05:16:38');
INSERT INTO transactions VALUES(286,2,137.9799999999999898,'Expense for shopping','Entertainment','expense','2025-08-17 10:46:38.782068','2025-09-15 05:16:38');
INSERT INTO transactions VALUES(287,2,69.31000000000000227,'Expense for entertainment','Bills','expense','2025-08-29 10:46:38.782068','2025-09-15 05:16:38');
INSERT INTO transactions VALUES(288,2,64.15999999999999659,'Expense for healthcare','Bills','expense','2025-08-14 10:46:38.782068','2025-09-15 05:16:38');
INSERT INTO transactions VALUES(289,2,2356.84999999999991,'Freelance income','Freelance','income','2025-07-12 10:46:38.782259','2025-09-15 05:16:38');
INSERT INTO transactions VALUES(290,2,831.1399999999999864,'Salary income','Bonus','income','2025-07-31 10:46:38.782259','2025-09-15 05:16:38');
INSERT INTO transactions VALUES(291,2,1436.200000000000045,'Investment income','Bonus','income','2025-07-07 10:46:38.782259','2025-09-15 05:16:38');
INSERT INTO transactions VALUES(292,2,10.43999999999999951,'Expense for bills','Bills','expense','2025-07-20 10:46:38.782259','2025-09-15 05:16:38');
INSERT INTO transactions VALUES(293,2,26.75,'Expense for bills','Healthcare','expense','2025-07-21 10:46:38.782259','2025-09-15 05:16:38');
INSERT INTO transactions VALUES(294,2,32.36999999999999745,'Expense for transportation','Entertainment','expense','2025-07-26 10:46:38.782259','2025-09-15 05:16:38');
INSERT INTO transactions VALUES(295,2,43.6700000000000017,'Expense for shopping','Entertainment','expense','2025-07-14 10:46:38.782259','2025-09-15 05:16:38');
INSERT INTO transactions VALUES(296,2,88.62000000000000454,'Expense for shopping','Shopping','expense','2025-07-12 10:46:38.782259','2025-09-15 05:16:38');
INSERT INTO transactions VALUES(297,2,136.5399999999999921,'Expense for healthcare','Food','expense','2025-07-16 10:46:38.782259','2025-09-15 05:16:38');
INSERT INTO transactions VALUES(298,2,52.29999999999999716,'Expense for entertainment','Transportation','expense','2025-07-16 10:46:38.782259','2025-09-15 05:16:38');
INSERT INTO transactions VALUES(299,2,155.3700000000000045,'Expense for healthcare','Bills','expense','2025-07-26 10:46:38.782259','2025-09-15 05:16:38');
INSERT INTO transactions VALUES(300,2,184.6500000000000056,'Expense for entertainment','Transportation','expense','2025-07-24 10:46:38.782259','2025-09-15 05:16:38');
INSERT INTO transactions VALUES(301,2,101.2600000000000051,'Expense for healthcare','Entertainment','expense','2025-07-07 10:46:38.782259','2025-09-15 05:16:38');
INSERT INTO transactions VALUES(302,2,187.6800000000000068,'Expense for bills','Transportation','expense','2025-07-31 10:46:38.782259','2025-09-15 05:16:38');
INSERT INTO transactions VALUES(303,2,195.6599999999999966,'Expense for bills','Shopping','expense','2025-07-13 10:46:38.782259','2025-09-15 05:16:38');
INSERT INTO transactions VALUES(304,2,24.4200000000000017,'Expense for entertainment','Healthcare','expense','2025-07-05 10:46:38.782259','2025-09-15 05:16:38');
INSERT INTO transactions VALUES(305,2,12.56000000000000049,'Expense for transportation','Food','expense','2025-07-27 10:46:38.782259','2025-09-15 05:16:38');
INSERT INTO transactions VALUES(306,2,69.75,'Expense for transportation','Healthcare','expense','2025-07-21 10:46:38.782259','2025-09-15 05:16:38');
INSERT INTO transactions VALUES(307,3,1593.930000000000063,'Investment income','Investment','income','2025-09-13 10:46:38.782404','2025-09-15 05:16:38');
INSERT INTO transactions VALUES(308,3,1394.170000000000072,'Bonus income','Salary','income','2025-09-28 10:46:38.782404','2025-09-15 05:16:38');
INSERT INTO transactions VALUES(309,3,2777.659999999999855,'Investment income','Investment','income','2025-09-20 10:46:38.782404','2025-09-15 05:16:38');
INSERT INTO transactions VALUES(310,3,62.38000000000000255,'Expense for food','Shopping','expense','2025-09-07 10:46:38.782404','2025-09-15 05:16:38');
INSERT INTO transactions VALUES(311,3,16.98000000000000042,'Expense for food','Healthcare','expense','2025-09-12 10:46:38.782404','2025-09-15 05:16:38');
INSERT INTO transactions VALUES(312,3,174.5900000000000034,'Expense for bills','Entertainment','expense','2025-09-26 10:46:38.782404','2025-09-15 05:16:38');
INSERT INTO transactions VALUES(313,3,144.1699999999999875,'Expense for food','Food','expense','2025-09-05 10:46:38.782404','2025-09-15 05:16:38');
INSERT INTO transactions VALUES(314,3,114.6500000000000056,'Expense for transportation','Transportation','expense','2025-09-08 10:46:38.782404','2025-09-15 05:16:38');
INSERT INTO transactions VALUES(315,3,51.85999999999999944,'Expense for food','Healthcare','expense','2025-09-05 10:46:38.782404','2025-09-15 05:16:38');
INSERT INTO transactions VALUES(316,3,38.21999999999999887,'Expense for food','Healthcare','expense','2025-09-06 10:46:38.782404','2025-09-15 05:16:38');
INSERT INTO transactions VALUES(317,3,14.27999999999999937,'Expense for food','Healthcare','expense','2025-09-13 10:46:38.782404','2025-09-15 05:16:38');
INSERT INTO transactions VALUES(318,3,183.0300000000000011,'Expense for food','Food','expense','2025-09-23 10:46:38.782404','2025-09-15 05:16:38');
INSERT INTO transactions VALUES(319,3,161.0600000000000022,'Expense for entertainment','Transportation','expense','2025-09-28 10:46:38.782404','2025-09-15 05:16:38');
INSERT INTO transactions VALUES(320,3,98.8100000000000022,'Expense for entertainment','Food','expense','2025-09-18 10:46:38.782404','2025-09-15 05:16:38');
INSERT INTO transactions VALUES(321,3,142.7299999999999898,'Expense for entertainment','Entertainment','expense','2025-09-19 10:46:38.782404','2025-09-15 05:16:38');
INSERT INTO transactions VALUES(322,3,90.15999999999999659,'Expense for shopping','Entertainment','expense','2025-09-10 10:46:38.782404','2025-09-15 05:16:38');
INSERT INTO transactions VALUES(323,3,20.39999999999999857,'Expense for food','Healthcare','expense','2025-09-21 10:46:38.782404','2025-09-15 05:16:38');
INSERT INTO transactions VALUES(324,3,2856.840000000000145,'Investment income','Bonus','income','2025-08-28 10:46:38.782525','2025-09-15 05:16:38');
INSERT INTO transactions VALUES(325,3,954.269999999999982,'Salary income','Investment','income','2025-08-20 10:46:38.782525','2025-09-15 05:16:38');
INSERT INTO transactions VALUES(326,3,2111.139999999999873,'Salary income','Salary','income','2025-08-22 10:46:38.782525','2025-09-15 05:16:38');
INSERT INTO transactions VALUES(327,3,132.0900000000000034,'Expense for shopping','Entertainment','expense','2025-08-09 10:46:38.782525','2025-09-15 05:16:38');
INSERT INTO transactions VALUES(328,3,39.5,'Expense for shopping','Entertainment','expense','2025-08-10 10:46:38.782525','2025-09-15 05:16:38');
INSERT INTO transactions VALUES(329,3,34.31000000000000227,'Expense for healthcare','Entertainment','expense','2025-08-19 10:46:38.782525','2025-09-15 05:16:38');
INSERT INTO transactions VALUES(330,3,48.53000000000000113,'Expense for transportation','Bills','expense','2025-08-12 10:46:38.782525','2025-09-15 05:16:38');
INSERT INTO transactions VALUES(331,3,167.0,'Expense for food','Transportation','expense','2025-08-28 10:46:38.782525','2025-09-15 05:16:38');
INSERT INTO transactions VALUES(332,3,109.9200000000000017,'Expense for healthcare','Healthcare','expense','2025-08-23 10:46:38.782525','2025-09-15 05:16:38');
INSERT INTO transactions VALUES(333,3,134.7100000000000079,'Expense for food','Shopping','expense','2025-08-18 10:46:38.782525','2025-09-15 05:16:38');
INSERT INTO transactions VALUES(334,3,98.5799999999999983,'Expense for entertainment','Bills','expense','2025-08-07 10:46:38.782525','2025-09-15 05:16:38');
INSERT INTO transactions VALUES(335,3,40.70000000000000285,'Expense for healthcare','Healthcare','expense','2025-08-30 10:46:38.782525','2025-09-15 05:16:38');
INSERT INTO transactions VALUES(336,3,148.4699999999999989,'Expense for food','Healthcare','expense','2025-08-14 10:46:38.782525','2025-09-15 05:16:38');
INSERT INTO transactions VALUES(337,3,165.0,'Expense for entertainment','Entertainment','expense','2025-08-20 10:46:38.782525','2025-09-15 05:16:38');
INSERT INTO transactions VALUES(338,3,123.0900000000000034,'Expense for transportation','Entertainment','expense','2025-08-20 10:46:38.782525','2025-09-15 05:16:38');
INSERT INTO transactions VALUES(339,3,103.1700000000000017,'Expense for entertainment','Bills','expense','2025-08-08 10:46:38.782525','2025-09-15 05:16:38');
INSERT INTO transactions VALUES(340,3,86.73000000000000397,'Expense for shopping','Transportation','expense','2025-08-08 10:46:38.782525','2025-09-15 05:16:38');
INSERT INTO transactions VALUES(341,3,92.18000000000000683,'Expense for transportation','Healthcare','expense','2025-08-18 10:46:38.782525','2025-09-15 05:16:38');
INSERT INTO transactions VALUES(342,3,63.22999999999999688,'Expense for food','Transportation','expense','2025-08-09 10:46:38.782525','2025-09-15 05:16:38');
INSERT INTO transactions VALUES(343,3,51.28000000000000113,'Expense for shopping','Shopping','expense','2025-08-08 10:46:38.782525','2025-09-15 05:16:38');
INSERT INTO transactions VALUES(344,3,132.1800000000000068,'Expense for transportation','Healthcare','expense','2025-08-07 10:46:38.782525','2025-09-15 05:16:38');
INSERT INTO transactions VALUES(345,3,161.7800000000000011,'Expense for entertainment','Healthcare','expense','2025-08-25 10:46:38.782525','2025-09-15 05:16:38');
INSERT INTO transactions VALUES(346,3,121.1299999999999955,'Expense for healthcare','Food','expense','2025-08-09 10:46:38.782525','2025-09-15 05:16:38');
INSERT INTO transactions VALUES(347,3,103.8100000000000022,'Expense for bills','Transportation','expense','2025-08-11 10:46:38.782525','2025-09-15 05:16:38');
INSERT INTO transactions VALUES(348,3,15.53999999999999915,'Expense for entertainment','Bills','expense','2025-08-16 10:46:38.782525','2025-09-15 05:16:38');
INSERT INTO transactions VALUES(349,3,68.5,'Expense for transportation','Transportation','expense','2025-08-20 10:46:38.782525','2025-09-15 05:16:38');
INSERT INTO transactions VALUES(350,3,43.28999999999999915,'Expense for entertainment','Food','expense','2025-08-26 10:46:38.782525','2025-09-15 05:16:38');
INSERT INTO transactions VALUES(351,3,135.3799999999999955,'Expense for food','Bills','expense','2025-08-20 10:46:38.782525','2025-09-15 05:16:38');
INSERT INTO transactions VALUES(352,3,974.100000000000022,'Freelance income','Freelance','income','2025-07-15 10:46:38.782739','2025-09-15 05:16:38');
INSERT INTO transactions VALUES(353,3,2863.800000000000181,'Investment income','Freelance','income','2025-07-09 10:46:38.782739','2025-09-15 05:16:38');
INSERT INTO transactions VALUES(354,3,187.1599999999999966,'Expense for transportation','Healthcare','expense','2025-07-13 10:46:38.782739','2025-09-15 05:16:38');
INSERT INTO transactions VALUES(355,3,91.40999999999999659,'Expense for entertainment','Bills','expense','2025-07-09 10:46:38.782739','2025-09-15 05:16:38');
INSERT INTO transactions VALUES(356,3,78.40999999999999659,'Expense for food','Entertainment','expense','2025-07-20 10:46:38.782739','2025-09-15 05:16:38');
INSERT INTO transactions VALUES(357,3,98.7900000000000062,'Expense for healthcare','Healthcare','expense','2025-07-18 10:46:38.782739','2025-09-15 05:16:38');
INSERT INTO transactions VALUES(358,3,59.52000000000000312,'Expense for bills','Entertainment','expense','2025-07-13 10:46:38.782739','2025-09-15 05:16:38');
INSERT INTO transactions VALUES(359,3,145.3100000000000022,'Expense for healthcare','Entertainment','expense','2025-07-13 10:46:38.782739','2025-09-15 05:16:38');
INSERT INTO transactions VALUES(360,3,84.84999999999999431,'Expense for healthcare','Shopping','expense','2025-07-15 10:46:38.782739','2025-09-15 05:16:38');
INSERT INTO transactions VALUES(361,3,199.740000000000009,'Expense for transportation','Entertainment','expense','2025-07-11 10:46:38.782739','2025-09-15 05:16:38');
INSERT INTO transactions VALUES(362,3,171.8300000000000125,'Expense for bills','Bills','expense','2025-07-20 10:46:38.782739','2025-09-15 05:16:38');
INSERT INTO transactions VALUES(363,3,38.90999999999999658,'Expense for shopping','Entertainment','expense','2025-07-20 10:46:38.782739','2025-09-15 05:16:38');
INSERT INTO transactions VALUES(364,3,194.3199999999999932,'Expense for transportation','Entertainment','expense','2025-07-13 10:46:38.782739','2025-09-15 05:16:38');
INSERT INTO transactions VALUES(365,3,77.76000000000000511,'Expense for bills','Entertainment','expense','2025-07-26 10:46:38.782739','2025-09-15 05:16:38');
INSERT INTO transactions VALUES(366,4,614.6499999999999773,'Investment income','Bonus','income','2025-09-20 10:46:38.783452','2025-09-15 05:16:38');
INSERT INTO transactions VALUES(367,4,1656.59999999999991,'Bonus income','Freelance','income','2025-09-12 10:46:38.783452','2025-09-15 05:16:38');
INSERT INTO transactions VALUES(368,4,51.56000000000000227,'Expense for entertainment','Shopping','expense','2025-09-11 10:46:38.783452','2025-09-15 05:16:38');
INSERT INTO transactions VALUES(369,4,37.53999999999999915,'Expense for shopping','Bills','expense','2025-09-21 10:46:38.783452','2025-09-15 05:16:38');
INSERT INTO transactions VALUES(370,4,160.1500000000000056,'Expense for shopping','Healthcare','expense','2025-09-10 10:46:38.783452','2025-09-15 05:16:38');
INSERT INTO transactions VALUES(371,4,179.6399999999999863,'Expense for shopping','Entertainment','expense','2025-09-20 10:46:38.783452','2025-09-15 05:16:38');
INSERT INTO transactions VALUES(372,4,95.6299999999999955,'Expense for food','Bills','expense','2025-09-02 10:46:38.783452','2025-09-15 05:16:38');
INSERT INTO transactions VALUES(373,4,141.0,'Expense for entertainment','Shopping','expense','2025-09-25 10:46:38.783452','2025-09-15 05:16:38');
INSERT INTO transactions VALUES(374,4,48.29999999999999716,'Expense for food','Shopping','expense','2025-09-19 10:46:38.783452','2025-09-15 05:16:38');
INSERT INTO transactions VALUES(375,4,16.78999999999999915,'Expense for entertainment','Entertainment','expense','2025-09-21 10:46:38.783452','2025-09-15 05:16:38');
INSERT INTO transactions VALUES(376,4,33.17999999999999972,'Expense for shopping','Food','expense','2025-09-19 10:46:38.783452','2025-09-15 05:16:38');
INSERT INTO transactions VALUES(377,4,157.8100000000000022,'Expense for transportation','Shopping','expense','2025-09-20 10:46:38.783452','2025-09-15 05:16:38');
INSERT INTO transactions VALUES(378,4,1971.700000000000045,'Bonus income','Investment','income','2025-08-23 10:46:38.783541','2025-09-15 05:16:38');
INSERT INTO transactions VALUES(379,4,1874.3599999999999,'Bonus income','Salary','income','2025-08-07 10:46:38.783541','2025-09-15 05:16:38');
INSERT INTO transactions VALUES(380,4,15.75999999999999979,'Expense for shopping','Entertainment','expense','2025-08-28 10:46:38.783541','2025-09-15 05:16:38');
INSERT INTO transactions VALUES(381,4,62.88000000000000255,'Expense for shopping','Transportation','expense','2025-08-28 10:46:38.783541','2025-09-15 05:16:38');
INSERT INTO transactions VALUES(382,4,114.1700000000000017,'Expense for transportation','Shopping','expense','2025-08-12 10:46:38.783541','2025-09-15 05:16:38');
INSERT INTO transactions VALUES(383,4,169.6299999999999955,'Expense for shopping','Food','expense','2025-08-09 10:46:38.783541','2025-09-15 05:16:38');
INSERT INTO transactions VALUES(384,4,145.8300000000000125,'Expense for food','Food','expense','2025-08-23 10:46:38.783541','2025-09-15 05:16:38');
INSERT INTO transactions VALUES(385,4,134.9000000000000056,'Expense for food','Transportation','expense','2025-08-24 10:46:38.783541','2025-09-15 05:16:38');
INSERT INTO transactions VALUES(386,4,116.4200000000000017,'Expense for entertainment','Food','expense','2025-08-25 10:46:38.783541','2025-09-15 05:16:38');
INSERT INTO transactions VALUES(387,4,144.490000000000009,'Expense for bills','Bills','expense','2025-08-06 10:46:38.783541','2025-09-15 05:16:38');
INSERT INTO transactions VALUES(388,4,138.9000000000000056,'Expense for entertainment','Transportation','expense','2025-08-29 10:46:38.783541','2025-09-15 05:16:38');
INSERT INTO transactions VALUES(389,4,40.54999999999999715,'Expense for transportation','Bills','expense','2025-08-15 10:46:38.783541','2025-09-15 05:16:38');
INSERT INTO transactions VALUES(390,4,77.35999999999999944,'Expense for transportation','Food','expense','2025-08-04 10:46:38.783541','2025-09-15 05:16:38');
INSERT INTO transactions VALUES(391,4,65.95000000000000284,'Expense for food','Entertainment','expense','2025-08-10 10:46:38.783541','2025-09-15 05:16:38');
INSERT INTO transactions VALUES(392,4,181.3899999999999863,'Expense for healthcare','Entertainment','expense','2025-08-29 10:46:38.783541','2025-09-15 05:16:38');
INSERT INTO transactions VALUES(393,4,153.8899999999999863,'Expense for entertainment','Food','expense','2025-08-23 10:46:38.783541','2025-09-15 05:16:38');
INSERT INTO transactions VALUES(394,4,184.0500000000000113,'Expense for bills','Entertainment','expense','2025-08-24 10:46:38.783541','2025-09-15 05:16:38');
INSERT INTO transactions VALUES(395,4,108.0900000000000034,'Expense for entertainment','Healthcare','expense','2025-08-11 10:46:38.783541','2025-09-15 05:16:38');
INSERT INTO transactions VALUES(396,4,69.60999999999999944,'Expense for food','Transportation','expense','2025-08-30 10:46:38.783541','2025-09-15 05:16:38');
INSERT INTO transactions VALUES(397,4,82.76999999999999603,'Expense for entertainment','Shopping','expense','2025-08-08 10:46:38.783541','2025-09-15 05:16:38');
INSERT INTO transactions VALUES(398,4,155.4000000000000056,'Expense for transportation','Healthcare','expense','2025-08-06 10:46:38.783541','2025-09-15 05:16:38');
INSERT INTO transactions VALUES(399,4,2242.989999999999781,'Investment income','Freelance','income','2025-07-14 10:46:38.783694','2025-09-15 05:16:38');
INSERT INTO transactions VALUES(400,4,1938.65000000000009,'Bonus income','Freelance','income','2025-07-30 10:46:38.783694','2025-09-15 05:16:38');
INSERT INTO transactions VALUES(401,4,1415.680000000000063,'Salary income','Bonus','income','2025-07-23 10:46:38.783694','2025-09-15 05:16:38');
INSERT INTO transactions VALUES(402,4,140.6699999999999875,'Expense for transportation','Food','expense','2025-07-10 10:46:38.783694','2025-09-15 05:16:38');
INSERT INTO transactions VALUES(403,4,172.3899999999999863,'Expense for transportation','Bills','expense','2025-07-12 10:46:38.783694','2025-09-15 05:16:38');
INSERT INTO transactions VALUES(404,4,55.02000000000000312,'Expense for shopping','Shopping','expense','2025-07-27 10:46:38.783694','2025-09-15 05:16:38');
INSERT INTO transactions VALUES(405,4,161.1100000000000137,'Expense for shopping','Transportation','expense','2025-07-30 10:46:38.783694','2025-09-15 05:16:38');
INSERT INTO transactions VALUES(406,4,39.74000000000000198,'Expense for food','Healthcare','expense','2025-07-30 10:46:38.783694','2025-09-15 05:16:38');
INSERT INTO transactions VALUES(407,4,91.0799999999999983,'Expense for entertainment','Entertainment','expense','2025-07-11 10:46:38.783694','2025-09-15 05:16:38');
INSERT INTO transactions VALUES(408,4,117.3799999999999955,'Expense for healthcare','Shopping','expense','2025-07-30 10:46:38.783694','2025-09-15 05:16:38');
INSERT INTO transactions VALUES(409,4,183.0,'Expense for food','Entertainment','expense','2025-07-22 10:46:38.783694','2025-09-15 05:16:38');
INSERT INTO transactions VALUES(410,4,121.5600000000000022,'Expense for healthcare','Entertainment','expense','2025-07-21 10:46:38.783694','2025-09-15 05:16:38');
INSERT INTO transactions VALUES(411,4,18.60999999999999944,'Expense for healthcare','Shopping','expense','2025-07-27 10:46:38.783694','2025-09-15 05:16:38');
INSERT INTO transactions VALUES(412,4,14.25999999999999979,'Expense for food','Food','expense','2025-07-28 10:46:38.783694','2025-09-15 05:16:38');
INSERT INTO transactions VALUES(413,4,193.2199999999999989,'Expense for entertainment','Entertainment','expense','2025-07-26 10:46:38.783694','2025-09-15 05:16:38');
INSERT INTO transactions VALUES(414,4,170.8499999999999944,'Expense for transportation','Bills','expense','2025-07-08 10:46:38.783694','2025-09-15 05:16:38');
INSERT INTO transactions VALUES(415,4,121.5499999999999972,'Expense for shopping','Shopping','expense','2025-07-22 10:46:38.783694','2025-09-15 05:16:38');
INSERT INTO transactions VALUES(416,4,76.79000000000000626,'Expense for healthcare','Shopping','expense','2025-07-26 10:46:38.783694','2025-09-15 05:16:38');
INSERT INTO transactions VALUES(417,4,89.23000000000000397,'Expense for shopping','Food','expense','2025-07-11 10:46:38.783694','2025-09-15 05:16:38');
INSERT INTO transactions VALUES(418,4,31.23999999999999844,'Expense for food','Transportation','expense','2025-07-17 10:46:38.783694','2025-09-15 05:16:38');
INSERT INTO transactions VALUES(419,4,176.4000000000000056,'Expense for food','Food','expense','2025-07-06 10:46:38.783694','2025-09-15 05:16:38');
INSERT INTO transactions VALUES(420,4,102.4399999999999978,'Expense for transportation','Entertainment','expense','2025-07-04 10:46:38.783694','2025-09-15 05:16:38');
INSERT INTO transactions VALUES(421,4,137.6500000000000056,'Expense for bills','Bills','expense','2025-07-06 10:46:38.783694','2025-09-15 05:16:38');
INSERT INTO transactions VALUES(422,4,59.39000000000000056,'Expense for transportation','Bills','expense','2025-07-19 10:46:38.783694','2025-09-15 05:16:38');
INSERT INTO transactions VALUES(423,4,160.4199999999999875,'Expense for healthcare','Healthcare','expense','2025-07-07 10:46:38.783694','2025-09-15 05:16:38');
INSERT INTO transactions VALUES(424,4,159.3300000000000125,'Expense for food','Food','expense','2025-07-12 10:46:38.783694','2025-09-15 05:16:38');
INSERT INTO transactions VALUES(425,4,40.84000000000000342,'Expense for food','Healthcare','expense','2025-07-31 10:46:38.783694','2025-09-15 05:16:38');
INSERT INTO transactions VALUES(426,5,1776.119999999999891,'Salary income','Salary','income','2025-09-29 10:46:38.783894','2025-09-15 05:16:38');
INSERT INTO transactions VALUES(427,5,655.1599999999999682,'Salary income','Salary','income','2025-09-22 10:46:38.783894','2025-09-15 05:16:38');
INSERT INTO transactions VALUES(428,5,106.7699999999999961,'Expense for shopping','Shopping','expense','2025-09-20 10:46:38.783894','2025-09-15 05:16:38');
INSERT INTO transactions VALUES(429,5,193.4199999999999875,'Expense for food','Entertainment','expense','2025-09-21 10:46:38.783894','2025-09-15 05:16:38');
INSERT INTO transactions VALUES(430,5,160.740000000000009,'Expense for transportation','Transportation','expense','2025-09-13 10:46:38.783894','2025-09-15 05:16:38');
INSERT INTO transactions VALUES(431,5,199.0300000000000011,'Expense for bills','Shopping','expense','2025-09-09 10:46:38.783894','2025-09-15 05:16:38');
INSERT INTO transactions VALUES(432,5,104.1899999999999978,'Expense for entertainment','Healthcare','expense','2025-09-26 10:46:38.783894','2025-09-15 05:16:38');
INSERT INTO transactions VALUES(433,5,159.990000000000009,'Expense for shopping','Shopping','expense','2025-09-24 10:46:38.783894','2025-09-15 05:16:38');
INSERT INTO transactions VALUES(434,5,17.55000000000000071,'Expense for food','Shopping','expense','2025-09-11 10:46:38.783894','2025-09-15 05:16:38');
INSERT INTO transactions VALUES(435,5,199.3499999999999944,'Expense for food','Shopping','expense','2025-09-17 10:46:38.783894','2025-09-15 05:16:38');
INSERT INTO transactions VALUES(436,5,102.5900000000000034,'Expense for food','Food','expense','2025-09-21 10:46:38.783894','2025-09-15 05:16:38');
INSERT INTO transactions VALUES(437,5,46.5,'Expense for transportation','Healthcare','expense','2025-09-29 10:46:38.783894','2025-09-15 05:16:38');
INSERT INTO transactions VALUES(438,5,158.4000000000000056,'Expense for bills','Entertainment','expense','2025-09-26 10:46:38.783894','2025-09-15 05:16:38');
INSERT INTO transactions VALUES(439,5,25.32000000000000028,'Expense for healthcare','Shopping','expense','2025-09-02 10:46:38.783894','2025-09-15 05:16:38');
INSERT INTO transactions VALUES(440,5,110.8799999999999955,'Expense for transportation','Shopping','expense','2025-09-27 10:46:38.783894','2025-09-15 05:16:38');
INSERT INTO transactions VALUES(441,5,98.8900000000000005,'Expense for shopping','Healthcare','expense','2025-09-25 10:46:38.783894','2025-09-15 05:16:38');
INSERT INTO transactions VALUES(442,5,69.64000000000000056,'Expense for bills','Transportation','expense','2025-09-03 10:46:38.783894','2025-09-15 05:16:38');
INSERT INTO transactions VALUES(443,5,1570.940000000000054,'Freelance income','Investment','income','2025-08-11 10:46:38.784018','2025-09-15 05:16:38');
INSERT INTO transactions VALUES(444,5,1399.630000000000109,'Salary income','Freelance','income','2025-08-26 10:46:38.784018','2025-09-15 05:16:38');
INSERT INTO transactions VALUES(445,5,1326.829999999999928,'Bonus income','Salary','income','2025-08-13 10:46:38.784018','2025-09-15 05:16:38');
INSERT INTO transactions VALUES(446,5,160.8899999999999863,'Expense for shopping','Entertainment','expense','2025-08-15 10:46:38.784018','2025-09-15 05:16:38');
INSERT INTO transactions VALUES(447,5,155.1200000000000045,'Expense for transportation','Shopping','expense','2025-08-24 10:46:38.784018','2025-09-15 05:16:38');
INSERT INTO transactions VALUES(448,5,47.67999999999999972,'Expense for transportation','Healthcare','expense','2025-08-25 10:46:38.784018','2025-09-15 05:16:38');
INSERT INTO transactions VALUES(449,5,58.25999999999999802,'Expense for entertainment','Bills','expense','2025-08-16 10:46:38.784018','2025-09-15 05:16:38');
INSERT INTO transactions VALUES(450,5,68.64000000000000056,'Expense for entertainment','Healthcare','expense','2025-08-20 10:46:38.784018','2025-09-15 05:16:38');
INSERT INTO transactions VALUES(451,5,182.8799999999999955,'Expense for shopping','Entertainment','expense','2025-08-20 10:46:38.784018','2025-09-15 05:16:38');
INSERT INTO transactions VALUES(452,5,18.08999999999999986,'Expense for food','Transportation','expense','2025-08-16 10:46:38.784018','2025-09-15 05:16:38');
INSERT INTO transactions VALUES(453,5,69.5799999999999983,'Expense for shopping','Food','expense','2025-08-22 10:46:38.784018','2025-09-15 05:16:38');
INSERT INTO transactions VALUES(454,5,39.75999999999999802,'Expense for entertainment','Transportation','expense','2025-08-03 10:46:38.784018','2025-09-15 05:16:38');
INSERT INTO transactions VALUES(455,5,77.18999999999999773,'Expense for healthcare','Transportation','expense','2025-08-04 10:46:38.784018','2025-09-15 05:16:38');
INSERT INTO transactions VALUES(456,5,43.03999999999999915,'Expense for healthcare','Entertainment','expense','2025-08-09 10:46:38.784018','2025-09-15 05:16:38');
INSERT INTO transactions VALUES(457,5,155.3199999999999932,'Expense for bills','Food','expense','2025-08-27 10:46:38.784018','2025-09-15 05:16:38');
INSERT INTO transactions VALUES(458,5,52.13000000000000255,'Expense for shopping','Entertainment','expense','2025-08-26 10:46:38.784018','2025-09-15 05:16:38');
INSERT INTO transactions VALUES(459,5,89.21999999999999887,'Expense for food','Bills','expense','2025-08-03 10:46:38.784018','2025-09-15 05:16:38');
INSERT INTO transactions VALUES(460,5,56.78000000000000113,'Expense for healthcare','Transportation','expense','2025-08-29 10:46:38.784018','2025-09-15 05:16:38');
INSERT INTO transactions VALUES(461,5,169.5200000000000102,'Expense for shopping','Shopping','expense','2025-08-21 10:46:38.784018','2025-09-15 05:16:38');
INSERT INTO transactions VALUES(462,5,129.2899999999999921,'Expense for bills','Bills','expense','2025-08-04 10:46:38.784018','2025-09-15 05:16:38');
INSERT INTO transactions VALUES(463,5,115.3599999999999995,'Expense for bills','Bills','expense','2025-08-15 10:46:38.784018','2025-09-15 05:16:38');
INSERT INTO transactions VALUES(464,5,18.12000000000000099,'Expense for shopping','Bills','expense','2025-08-04 10:46:38.784018','2025-09-15 05:16:38');
INSERT INTO transactions VALUES(465,5,959.42999999999995,'Salary income','Salary','income','2025-07-28 10:46:38.784191','2025-09-15 05:16:38');
INSERT INTO transactions VALUES(466,5,864.3400000000000318,'Freelance income','Bonus','income','2025-07-26 10:46:38.784191','2025-09-15 05:16:38');
INSERT INTO transactions VALUES(467,5,1400.160000000000081,'Salary income','Salary','income','2025-07-26 10:46:38.784191','2025-09-15 05:16:38');
INSERT INTO transactions VALUES(468,5,196.1599999999999966,'Expense for bills','Healthcare','expense','2025-07-08 10:46:38.784191','2025-09-15 05:16:38');
INSERT INTO transactions VALUES(469,5,70.95999999999999374,'Expense for entertainment','Food','expense','2025-07-12 10:46:38.784191','2025-09-15 05:16:38');
INSERT INTO transactions VALUES(470,5,181.5999999999999944,'Expense for healthcare','Shopping','expense','2025-07-30 10:46:38.784191','2025-09-15 05:16:38');
INSERT INTO transactions VALUES(471,5,105.8299999999999983,'Expense for bills','Shopping','expense','2025-07-26 10:46:38.784191','2025-09-15 05:16:38');
INSERT INTO transactions VALUES(472,5,150.3600000000000137,'Expense for healthcare','Transportation','expense','2025-07-13 10:46:38.784191','2025-09-15 05:16:38');
INSERT INTO transactions VALUES(473,5,52.32000000000000028,'Expense for entertainment','Food','expense','2025-07-31 10:46:38.784191','2025-09-15 05:16:38');
INSERT INTO transactions VALUES(474,5,181.3799999999999955,'Expense for shopping','Healthcare','expense','2025-07-25 10:46:38.784191','2025-09-15 05:16:38');
INSERT INTO transactions VALUES(475,5,155.9699999999999989,'Expense for healthcare','Shopping','expense','2025-07-27 10:46:38.784191','2025-09-15 05:16:38');
INSERT INTO transactions VALUES(476,5,50.8299999999999983,'Expense for food','Entertainment','expense','2025-07-22 10:46:38.784191','2025-09-15 05:16:38');
INSERT INTO transactions VALUES(477,5,183.9000000000000056,'Expense for bills','Shopping','expense','2025-07-20 10:46:38.784191','2025-09-15 05:16:38');
INSERT INTO transactions VALUES(478,5,64.3299999999999983,'Expense for food','Healthcare','expense','2025-07-20 10:46:38.784191','2025-09-15 05:16:38');
INSERT INTO transactions VALUES(479,5,161.2100000000000079,'Expense for entertainment','Bills','expense','2025-07-18 10:46:38.784191','2025-09-15 05:16:38');
INSERT INTO transactions VALUES(480,5,91.26999999999999603,'Expense for food','Transportation','expense','2025-07-13 10:46:38.784191','2025-09-15 05:16:38');
INSERT INTO transactions VALUES(481,6,863.57000000000005,'Freelance income','Salary','income','2025-09-16 10:46:38.784304','2025-09-15 05:16:38');
INSERT INTO transactions VALUES(482,6,2842.699999999999819,'Freelance income','Freelance','income','2025-09-08 10:46:38.784304','2025-09-15 05:16:38');
INSERT INTO transactions VALUES(483,6,66.65999999999999659,'Expense for entertainment','Entertainment','expense','2025-09-03 10:46:38.784304','2025-09-15 05:16:38');
INSERT INTO transactions VALUES(484,6,105.0699999999999931,'Expense for bills','Bills','expense','2025-09-26 10:46:38.784304','2025-09-15 05:16:38');
INSERT INTO transactions VALUES(485,6,98.7800000000000011,'Expense for entertainment','Transportation','expense','2025-09-17 10:46:38.784304','2025-09-15 05:16:38');
INSERT INTO transactions VALUES(486,6,18.94999999999999929,'Expense for bills','Transportation','expense','2025-09-06 10:46:38.784304','2025-09-15 05:16:38');
INSERT INTO transactions VALUES(487,6,136.0800000000000125,'Expense for bills','Transportation','expense','2025-09-15 10:46:38.784304','2025-09-15 05:16:38');
INSERT INTO transactions VALUES(488,6,22.53999999999999915,'Expense for shopping','Entertainment','expense','2025-09-05 10:46:38.784304','2025-09-15 05:16:38');
INSERT INTO transactions VALUES(489,6,18.48000000000000042,'Expense for transportation','Entertainment','expense','2025-09-14 10:46:38.784304','2025-09-15 05:16:38');
INSERT INTO transactions VALUES(490,6,42.34000000000000342,'Expense for healthcare','Food','expense','2025-09-24 10:46:38.784304','2025-09-15 05:16:38');
INSERT INTO transactions VALUES(491,6,78.73999999999999489,'Expense for healthcare','Food','expense','2025-09-23 10:46:38.784304','2025-09-15 05:16:38');
INSERT INTO transactions VALUES(492,6,168.5500000000000113,'Expense for food','Entertainment','expense','2025-09-06 10:46:38.784304','2025-09-15 05:16:38');
INSERT INTO transactions VALUES(493,6,90.87999999999999546,'Expense for food','Healthcare','expense','2025-09-14 10:46:38.784304','2025-09-15 05:16:38');
INSERT INTO transactions VALUES(494,6,46.42999999999999972,'Expense for bills','Shopping','expense','2025-09-14 10:46:38.784304','2025-09-15 05:16:38');
INSERT INTO transactions VALUES(495,6,89.1700000000000017,'Expense for healthcare','Transportation','expense','2025-09-28 10:46:38.784304','2025-09-15 05:16:38');
INSERT INTO transactions VALUES(496,6,192.5699999999999932,'Expense for healthcare','Bills','expense','2025-09-16 10:46:38.784304','2025-09-15 05:16:38');
INSERT INTO transactions VALUES(497,6,158.9499999999999887,'Expense for food','Entertainment','expense','2025-09-08 10:46:38.784304','2025-09-15 05:16:38');
INSERT INTO transactions VALUES(498,6,58.8299999999999983,'Expense for bills','Entertainment','expense','2025-09-06 10:46:38.784304','2025-09-15 05:16:38');
INSERT INTO transactions VALUES(499,6,94.0699999999999931,'Expense for healthcare','Bills','expense','2025-09-06 10:46:38.784304','2025-09-15 05:16:38');
INSERT INTO transactions VALUES(500,6,183.0800000000000125,'Expense for transportation','Food','expense','2025-09-06 10:46:38.784304','2025-09-15 05:16:38');
INSERT INTO transactions VALUES(501,6,156.4699999999999989,'Expense for bills','Bills','expense','2025-09-09 10:46:38.784304','2025-09-15 05:16:38');
INSERT INTO transactions VALUES(502,6,2380.380000000000109,'Salary income','Investment','income','2025-08-06 10:46:38.784456','2025-09-15 05:16:38');
INSERT INTO transactions VALUES(503,6,805.9800000000000181,'Salary income','Freelance','income','2025-08-14 10:46:38.784456','2025-09-15 05:16:38');
INSERT INTO transactions VALUES(504,6,156.1500000000000056,'Expense for bills','Entertainment','expense','2025-08-06 10:46:38.784456','2025-09-15 05:16:38');
INSERT INTO transactions VALUES(505,6,51.84000000000000341,'Expense for healthcare','Healthcare','expense','2025-08-30 10:46:38.784456','2025-09-15 05:16:38');
INSERT INTO transactions VALUES(506,6,50.88000000000000255,'Expense for healthcare','Shopping','expense','2025-08-17 10:46:38.784456','2025-09-15 05:16:38');
INSERT INTO transactions VALUES(507,6,59.84000000000000341,'Expense for food','Food','expense','2025-08-05 10:46:38.784456','2025-09-15 05:16:38');
INSERT INTO transactions VALUES(508,6,61.63000000000000255,'Expense for entertainment','Bills','expense','2025-08-03 10:46:38.784456','2025-09-15 05:16:38');
INSERT INTO transactions VALUES(509,6,68.6700000000000017,'Expense for healthcare','Healthcare','expense','2025-08-13 10:46:38.784456','2025-09-15 05:16:38');
INSERT INTO transactions VALUES(510,6,71.54999999999999716,'Expense for bills','Entertainment','expense','2025-08-26 10:46:38.784456','2025-09-15 05:16:38');
INSERT INTO transactions VALUES(511,6,64.18999999999999773,'Expense for food','Transportation','expense','2025-08-13 10:46:38.784456','2025-09-15 05:16:38');
INSERT INTO transactions VALUES(512,6,88.37999999999999546,'Expense for shopping','Shopping','expense','2025-08-08 10:46:38.784456','2025-09-15 05:16:38');
INSERT INTO transactions VALUES(513,6,127.4699999999999989,'Expense for entertainment','Entertainment','expense','2025-08-27 10:46:38.784456','2025-09-15 05:16:38');
INSERT INTO transactions VALUES(514,6,18.92999999999999972,'Expense for bills','Healthcare','expense','2025-08-23 10:46:38.784456','2025-09-15 05:16:38');
INSERT INTO transactions VALUES(515,6,32.46000000000000085,'Expense for entertainment','Transportation','expense','2025-08-08 10:46:38.784456','2025-09-15 05:16:38');
INSERT INTO transactions VALUES(516,6,53.10999999999999944,'Expense for transportation','Food','expense','2025-08-21 10:46:38.784456','2025-09-15 05:16:38');
INSERT INTO transactions VALUES(517,6,189.9699999999999989,'Expense for food','Transportation','expense','2025-08-16 10:46:38.784456','2025-09-15 05:16:38');
INSERT INTO transactions VALUES(518,6,33.5,'Expense for food','Transportation','expense','2025-08-28 10:46:38.784456','2025-09-15 05:16:38');
INSERT INTO transactions VALUES(519,6,81.51999999999999603,'Expense for transportation','Food','expense','2025-08-09 10:46:38.784456','2025-09-15 05:16:38');
INSERT INTO transactions VALUES(520,6,145.1100000000000137,'Expense for entertainment','Bills','expense','2025-08-30 10:46:38.784456','2025-09-15 05:16:38');
INSERT INTO transactions VALUES(521,6,133.9799999999999898,'Expense for healthcare','Transportation','expense','2025-08-23 10:46:38.784456','2025-09-15 05:16:38');
INSERT INTO transactions VALUES(522,6,39.13000000000000255,'Expense for food','Transportation','expense','2025-08-03 10:46:38.784456','2025-09-15 05:16:38');
INSERT INTO transactions VALUES(523,6,98.9300000000000069,'Expense for bills','Entertainment','expense','2025-08-07 10:46:38.784456','2025-09-15 05:16:38');
INSERT INTO transactions VALUES(524,6,26.46999999999999887,'Expense for bills','Food','expense','2025-08-23 10:46:38.784456','2025-09-15 05:16:38');
INSERT INTO transactions VALUES(525,6,112.6899999999999978,'Expense for shopping','Healthcare','expense','2025-08-11 10:46:38.784456','2025-09-15 05:16:38');
INSERT INTO transactions VALUES(526,6,1436.160000000000081,'Freelance income','Bonus','income','2025-07-15 10:46:38.784626','2025-09-15 05:16:38');
INSERT INTO transactions VALUES(527,6,2044.0,'Freelance income','Bonus','income','2025-07-05 10:46:38.784626','2025-09-15 05:16:38');
INSERT INTO transactions VALUES(528,6,1414.299999999999955,'Salary income','Salary','income','2025-07-17 10:46:38.784626','2025-09-15 05:16:38');
INSERT INTO transactions VALUES(529,6,62.28000000000000113,'Expense for entertainment','Bills','expense','2025-07-10 10:46:38.784626','2025-09-15 05:16:38');
INSERT INTO transactions VALUES(530,6,89.18000000000000683,'Expense for food','Food','expense','2025-07-18 10:46:38.784626','2025-09-15 05:16:38');
INSERT INTO transactions VALUES(531,6,34.38000000000000255,'Expense for entertainment','Bills','expense','2025-07-06 10:46:38.784626','2025-09-15 05:16:38');
INSERT INTO transactions VALUES(532,6,181.1200000000000045,'Expense for transportation','Entertainment','expense','2025-07-24 10:46:38.784626','2025-09-15 05:16:38');
INSERT INTO transactions VALUES(533,6,91.29999999999999716,'Expense for shopping','Food','expense','2025-07-05 10:46:38.784626','2025-09-15 05:16:38');
INSERT INTO transactions VALUES(534,6,67.95000000000000284,'Expense for shopping','Food','expense','2025-07-30 10:46:38.784626','2025-09-15 05:16:38');
INSERT INTO transactions VALUES(535,6,19.85999999999999944,'Expense for entertainment','Bills','expense','2025-07-31 10:46:38.784626','2025-09-15 05:16:38');
INSERT INTO transactions VALUES(536,6,125.2399999999999949,'Expense for bills','Healthcare','expense','2025-07-26 10:46:38.784626','2025-09-15 05:16:38');
INSERT INTO transactions VALUES(537,6,91.26999999999999603,'Expense for healthcare','Healthcare','expense','2025-07-21 10:46:38.784626','2025-09-15 05:16:38');
INSERT INTO transactions VALUES(538,6,185.9399999999999978,'Expense for shopping','Transportation','expense','2025-07-15 10:46:38.784626','2025-09-15 05:16:38');
INSERT INTO transactions VALUES(539,8,63000.0,'','New mobile','expense','2025-09-15 00:00:00.000000','2025-09-15 08:13:02');
INSERT INTO transactions VALUES(540,9,75000.0,'September Salary','Salary','expense','2025-09-15 00:00:00.000000','2025-09-15 10:29:50');
INSERT INTO transactions VALUES(541,9,20000.0,'Air pods ','Apple','income','2025-09-15 00:00:00.000000','2025-09-15 10:47:13');
INSERT INTO transactions VALUES(542,9,300.0,'Swiggy','Food','expense','2025-09-15 00:00:00.000000','2025-09-15 10:48:50');
INSERT INTO transactions VALUES(543,8,-4383.0,'Chicken Swarama','Food','expense','2025-09-15 00:00:00.000000','2025-09-15 16:51:12');
INSERT INTO transactions VALUES(544,8,0.0100000000000000002,'macher jhol','Food','income','2025-09-15 00:00:00.000000','2025-09-15 17:02:07');
INSERT INTO transactions VALUES(545,8,10000.0,'salary','Food','income','2025-09-15 00:00:00.000000','2025-09-15 17:02:58');
INSERT INTO transactions VALUES(546,8,10000.0,'Eatings rebessment','Fast Food for the Sept','earnings','2025-10-01 00:00:00.000000','2025-09-16 04:52:11');
INSERT INTO transactions VALUES(547,10,80000.0,'Swiggy','Food','spendings','2001-09-08 00:00:00.000000','2025-09-16 04:57:23');
INSERT INTO transactions VALUES(548,10,100000.0,'September Salary','Salary','earnings','2001-09-01 00:00:00.000000','2025-09-16 04:58:12');
INSERT INTO transactions VALUES(549,11,1000000.0,'Swiggy','Food','earnings','2025-09-16 00:00:00.000000','2025-09-16 05:26:32');
INSERT INTO transactions VALUES(550,11,1000000.0,'pub','Food','spendings','2025-09-16 00:00:00.000000','2025-09-16 05:26:58');
INSERT INTO transactions VALUES(551,11,0.0100000000000000002,'hghk','Food','earnings','2025-09-16 00:00:00.000000','2025-09-16 05:27:12');
INSERT INTO transactions VALUES(552,11,680.5499999999999546,'Vanga bonus','Food','earnings','2025-09-16 00:00:00.000000','2025-09-16 05:31:39');
CREATE TABLE budgets (
	id INTEGER NOT NULL, 
	user_id INTEGER NOT NULL, 
	category VARCHAR(100) NOT NULL, 
	"limit" FLOAT NOT NULL, 
	month VARCHAR(7) NOT NULL, 
	created_at DATETIME DEFAULT (CURRENT_TIMESTAMP), 
	PRIMARY KEY (id), 
	FOREIGN KEY(user_id) REFERENCES users (id)
);
INSERT INTO budgets VALUES(1,1,'Food',451.5400000000000204,'2025-09','2025-09-13 11:27:08');
INSERT INTO budgets VALUES(2,1,'Transportation',581.0900000000000318,'2025-09','2025-09-13 11:27:08');
INSERT INTO budgets VALUES(3,1,'Bills',943.909999999999969,'2025-08','2025-09-13 11:27:08');
INSERT INTO budgets VALUES(4,1,'Entertainment',458.6999999999999887,'2025-08','2025-09-13 11:27:08');
INSERT INTO budgets VALUES(5,1,'Shopping',979.509999999999991,'2025-08','2025-09-13 11:27:08');
INSERT INTO budgets VALUES(6,1,'Food',270.9700000000000273,'2025-08','2025-09-13 11:27:08');
INSERT INTO budgets VALUES(7,1,'Food',712.6699999999999591,'2025-07','2025-09-13 11:27:08');
INSERT INTO budgets VALUES(8,1,'Entertainment',761.8099999999999454,'2025-07','2025-09-13 11:27:08');
INSERT INTO budgets VALUES(9,2,'Food',485.6899999999999978,'2025-09','2025-09-13 11:27:08');
INSERT INTO budgets VALUES(10,2,'Transportation',805.3500000000000227,'2025-09','2025-09-13 11:27:08');
INSERT INTO budgets VALUES(11,2,'Shopping',826.5199999999999819,'2025-09','2025-09-13 11:27:08');
INSERT INTO budgets VALUES(12,2,'Bills',309.259999999999991,'2025-09','2025-09-13 11:27:08');
INSERT INTO budgets VALUES(13,2,'Entertainment',417.8700000000000045,'2025-08','2025-09-13 11:27:08');
INSERT INTO budgets VALUES(14,2,'Food',722.9199999999999591,'2025-08','2025-09-13 11:27:08');
INSERT INTO budgets VALUES(15,2,'Transportation',811.3099999999999454,'2025-08','2025-09-13 11:27:08');
INSERT INTO budgets VALUES(16,2,'Transportation',692.5599999999999454,'2025-07','2025-09-13 11:27:08');
INSERT INTO budgets VALUES(17,2,'Food',580.67999999999995,'2025-07','2025-09-13 11:27:08');
INSERT INTO budgets VALUES(18,2,'Shopping',929.08000000000004,'2025-07','2025-09-13 11:27:08');
INSERT INTO budgets VALUES(19,2,'Bills',308.4499999999999887,'2025-07','2025-09-13 11:27:08');
INSERT INTO budgets VALUES(20,3,'Entertainment',374.740000000000009,'2025-09','2025-09-13 11:27:08');
INSERT INTO budgets VALUES(21,3,'Transportation',247.6399999999999864,'2025-09','2025-09-13 11:27:08');
INSERT INTO budgets VALUES(22,3,'Bills',666.7899999999999637,'2025-09','2025-09-13 11:27:08');
INSERT INTO budgets VALUES(23,3,'Bills',511.6700000000000159,'2025-08','2025-09-13 11:27:08');
INSERT INTO budgets VALUES(24,3,'Entertainment',984.049999999999955,'2025-08','2025-09-13 11:27:08');
INSERT INTO budgets VALUES(25,3,'Bills',230.4399999999999978,'2025-07','2025-09-13 11:27:08');
INSERT INTO budgets VALUES(26,3,'Transportation',527.82000000000005,'2025-07','2025-09-13 11:27:08');
INSERT INTO budgets VALUES(27,1,'Shopping',256.4399999999999978,'2025-09','2025-09-15 05:16:38');
INSERT INTO budgets VALUES(28,1,'Bills',320.240000000000009,'2025-09','2025-09-15 05:16:38');
INSERT INTO budgets VALUES(29,1,'Transportation',823.5,'2025-09','2025-09-15 05:16:38');
INSERT INTO budgets VALUES(30,1,'Food',937.340000000000031,'2025-08','2025-09-15 05:16:38');
INSERT INTO budgets VALUES(31,1,'Shopping',411.8299999999999841,'2025-08','2025-09-15 05:16:38');
INSERT INTO budgets VALUES(32,1,'Entertainment',810.6100000000000136,'2025-08','2025-09-15 05:16:38');
INSERT INTO budgets VALUES(33,1,'Entertainment',791.6200000000000045,'2025-07','2025-09-15 05:16:38');
INSERT INTO budgets VALUES(34,1,'Shopping',961.720000000000027,'2025-07','2025-09-15 05:16:38');
INSERT INTO budgets VALUES(35,2,'Shopping',310.5500000000000113,'2025-09','2025-09-15 05:16:38');
INSERT INTO budgets VALUES(36,2,'Bills',573.32000000000005,'2025-09','2025-09-15 05:16:38');
INSERT INTO budgets VALUES(37,2,'Shopping',315.9200000000000159,'2025-08','2025-09-15 05:16:38');
INSERT INTO budgets VALUES(38,2,'Entertainment',941.230000000000018,'2025-08','2025-09-15 05:16:38');
INSERT INTO budgets VALUES(39,2,'Bills',700.9400000000000546,'2025-08','2025-09-15 05:16:38');
INSERT INTO budgets VALUES(40,2,'Bills',814.009999999999991,'2025-07','2025-09-15 05:16:38');
INSERT INTO budgets VALUES(41,2,'Transportation',473.009999999999991,'2025-07','2025-09-15 05:16:38');
INSERT INTO budgets VALUES(42,3,'Transportation',984.980000000000018,'2025-09','2025-09-15 05:16:38');
INSERT INTO budgets VALUES(43,3,'Entertainment',238.3100000000000022,'2025-09','2025-09-15 05:16:38');
INSERT INTO budgets VALUES(44,3,'Food',832.7999999999999546,'2025-09','2025-09-15 05:16:38');
INSERT INTO budgets VALUES(45,3,'Shopping',470.9599999999999796,'2025-09','2025-09-15 05:16:38');
INSERT INTO budgets VALUES(46,3,'Transportation',304.4499999999999887,'2025-08','2025-09-15 05:16:38');
INSERT INTO budgets VALUES(47,3,'Shopping',694.2999999999999546,'2025-08','2025-09-15 05:16:38');
INSERT INTO budgets VALUES(48,3,'Entertainment',820.7999999999999546,'2025-08','2025-09-15 05:16:38');
INSERT INTO budgets VALUES(49,3,'Entertainment',406.9499999999999887,'2025-07','2025-09-15 05:16:38');
INSERT INTO budgets VALUES(50,3,'Transportation',606.07000000000005,'2025-07','2025-09-15 05:16:38');
INSERT INTO budgets VALUES(51,4,'Food',371.0600000000000022,'2025-09','2025-09-15 05:16:38');
INSERT INTO budgets VALUES(52,4,'Shopping',645.7300000000000181,'2025-09','2025-09-15 05:16:38');
INSERT INTO budgets VALUES(53,4,'Transportation',273.3500000000000227,'2025-08','2025-09-15 05:16:38');
INSERT INTO budgets VALUES(54,4,'Food',413.1100000000000136,'2025-08','2025-09-15 05:16:38');
INSERT INTO budgets VALUES(55,4,'Entertainment',765.2999999999999546,'2025-08','2025-09-15 05:16:38');
INSERT INTO budgets VALUES(56,4,'Bills',784.57000000000005,'2025-08','2025-09-15 05:16:38');
INSERT INTO budgets VALUES(57,4,'Transportation',856.0499999999999546,'2025-07','2025-09-15 05:16:38');
INSERT INTO budgets VALUES(58,4,'Shopping',359.8999999999999773,'2025-07','2025-09-15 05:16:38');
INSERT INTO budgets VALUES(59,4,'Food',530.4600000000000363,'2025-07','2025-09-15 05:16:38');
INSERT INTO budgets VALUES(60,5,'Transportation',697.2200000000000272,'2025-09','2025-09-15 05:16:38');
INSERT INTO budgets VALUES(61,5,'Food',261.2900000000000204,'2025-09','2025-09-15 05:16:38');
INSERT INTO budgets VALUES(62,5,'Transportation',696.8300000000000409,'2025-08','2025-09-15 05:16:38');
INSERT INTO budgets VALUES(63,5,'Food',657.0900000000000318,'2025-08','2025-09-15 05:16:38');
INSERT INTO budgets VALUES(64,5,'Shopping',564.1200000000000045,'2025-08','2025-09-15 05:16:38');
INSERT INTO budgets VALUES(65,5,'Entertainment',278.6700000000000159,'2025-08','2025-09-15 05:16:38');
INSERT INTO budgets VALUES(66,5,'Transportation',501.4200000000000159,'2025-07','2025-09-15 05:16:38');
INSERT INTO budgets VALUES(67,5,'Food',535.8600000000000136,'2025-07','2025-09-15 05:16:38');
INSERT INTO budgets VALUES(68,5,'Entertainment',770.3300000000000409,'2025-07','2025-09-15 05:16:38');
INSERT INTO budgets VALUES(69,6,'Entertainment',738.009999999999991,'2025-09','2025-09-15 05:16:38');
INSERT INTO budgets VALUES(70,6,'Food',703.0499999999999546,'2025-09','2025-09-15 05:16:38');
INSERT INTO budgets VALUES(71,6,'Shopping',468.3600000000000136,'2025-09','2025-09-15 05:16:38');
INSERT INTO budgets VALUES(72,6,'Bills',694.8999999999999773,'2025-09','2025-09-15 05:16:38');
INSERT INTO budgets VALUES(73,6,'Entertainment',557.6299999999999955,'2025-08','2025-09-15 05:16:38');
INSERT INTO budgets VALUES(74,6,'Transportation',707.2000000000000454,'2025-08','2025-09-15 05:16:38');
INSERT INTO budgets VALUES(75,6,'Food',361.4399999999999978,'2025-08','2025-09-15 05:16:38');
INSERT INTO budgets VALUES(76,6,'Shopping',998.220000000000027,'2025-08','2025-09-15 05:16:38');
INSERT INTO budgets VALUES(77,6,'Entertainment',267.9399999999999978,'2025-07','2025-09-15 05:16:38');
INSERT INTO budgets VALUES(78,6,'Food',209.4399999999999978,'2025-07','2025-09-15 05:16:38');
INSERT INTO budgets VALUES(79,8,'Bike',5000.0,'2025-09','2025-09-15 08:44:27');
INSERT INTO budgets VALUES(80,9,'Bike',100000.0,'2025-09','2025-09-15 10:47:53');
INSERT INTO budgets VALUES(81,9,'Food for the Sept',100000.0,'2025-09','2025-09-15 10:48:13');
INSERT INTO budgets VALUES(82,8,'Food',5000.0,'2025-09','2025-09-15 17:07:28');
CREATE TABLE groups (
	id INTEGER NOT NULL, 
	name VARCHAR(100) NOT NULL, 
	description TEXT, 
	created_by INTEGER NOT NULL, 
	created_at DATETIME DEFAULT (CURRENT_TIMESTAMP), 
	PRIMARY KEY (id), 
	FOREIGN KEY(created_by) REFERENCES users (id)
);
INSERT INTO "groups" VALUES(1,'Household Expenses','Shared expenses for our household',1,'2025-09-13 11:27:08');
INSERT INTO "groups" VALUES(2,'Household Expenses','Shared expenses for our household',1,'2025-09-15 05:16:38');
INSERT INTO "groups" VALUES(3,'My Group',NULL,8,'2025-09-15 08:52:49');
INSERT INTO "groups" VALUES(4,'V4_Strange',NULL,8,'2025-09-15 08:53:27');
CREATE TABLE group_members (
	id INTEGER NOT NULL, 
	group_id INTEGER NOT NULL, 
	user_id INTEGER NOT NULL, 
	joined_at DATETIME DEFAULT (CURRENT_TIMESTAMP), 
	PRIMARY KEY (id), 
	FOREIGN KEY(group_id) REFERENCES groups (id), 
	FOREIGN KEY(user_id) REFERENCES users (id)
);
INSERT INTO group_members VALUES(1,1,1,'2025-09-13 11:27:08');
INSERT INTO group_members VALUES(2,1,2,'2025-09-13 11:27:08');
INSERT INTO group_members VALUES(3,1,3,'2025-09-13 11:27:08');
INSERT INTO group_members VALUES(4,2,1,'2025-09-15 05:16:38');
INSERT INTO group_members VALUES(5,2,2,'2025-09-15 05:16:38');
INSERT INTO group_members VALUES(6,2,3,'2025-09-15 05:16:38');
INSERT INTO group_members VALUES(7,2,4,'2025-09-15 05:16:38');
INSERT INTO group_members VALUES(8,2,5,'2025-09-15 05:16:38');
INSERT INTO group_members VALUES(9,2,6,'2025-09-15 05:16:38');
INSERT INTO group_members VALUES(10,3,8,'2025-09-15 08:52:49');
INSERT INTO group_members VALUES(11,4,8,'2025-09-15 08:53:27');
CREATE TABLE group_expenses (
	id INTEGER NOT NULL, 
	group_id INTEGER NOT NULL, 
	paid_by_user_id INTEGER NOT NULL, 
	amount FLOAT NOT NULL, 
	description VARCHAR(255) NOT NULL, 
	category VARCHAR(100) NOT NULL, 
	date DATETIME NOT NULL, 
	splits JSON NOT NULL, 
	created_at DATETIME DEFAULT (CURRENT_TIMESTAMP), 
	PRIMARY KEY (id), 
	FOREIGN KEY(group_id) REFERENCES groups (id), 
	FOREIGN KEY(paid_by_user_id) REFERENCES users (id)
);
INSERT INTO group_expenses VALUES(1,1,1,95.5300000000000011,'Dinner at restaurant','Food','2025-08-26 16:57:08.780670','[{"user_id": 1, "weight": 1}, {"user_id": 2, "weight": 1}, {"user_id": 3, "weight": 1}]','2025-09-13 11:27:08');
INSERT INTO group_expenses VALUES(2,1,3,32.0,'Grocery shopping at Whole Foods','Food','2025-08-19 16:57:08.780701','[{"user_id": 1, "weight": 1}, {"user_id": 2, "weight": 1}, {"user_id": 3, "weight": 1}]','2025-09-13 11:27:08');
INSERT INTO group_expenses VALUES(3,1,3,121.5999999999999944,'Uber ride to airport','Food','2025-09-07 16:57:08.780715','[{"user_id": 1, "weight": 1}, {"user_id": 2, "weight": 1}, {"user_id": 3, "weight": 1}]','2025-09-13 11:27:08');
INSERT INTO group_expenses VALUES(4,1,2,36.67999999999999972,'Dinner at restaurant','Transportation','2025-08-22 16:57:08.780727','[{"user_id": 1, "weight": 1}, {"user_id": 2, "weight": 1}, {"user_id": 3, "weight": 1}]','2025-09-13 11:27:08');
INSERT INTO group_expenses VALUES(5,1,3,115.1599999999999966,'Grocery shopping at Whole Foods','Transportation','2025-08-25 16:57:08.780741','[{"user_id": 1, "weight": 1}, {"user_id": 2, "weight": 1}, {"user_id": 3, "weight": 1}]','2025-09-13 11:27:08');
INSERT INTO group_expenses VALUES(6,1,2,73.43000000000000683,'Electricity bill','Food','2025-08-28 16:57:08.780753','[{"user_id": 1, "weight": 1}, {"user_id": 2, "weight": 1}, {"user_id": 3, "weight": 1}]','2025-09-13 11:27:08');
INSERT INTO group_expenses VALUES(7,1,2,28.96000000000000085,'Cleaning supplies','Food','2025-09-10 16:57:08.780765','[{"user_id": 1, "weight": 1}, {"user_id": 2, "weight": 1}, {"user_id": 3, "weight": 1}]','2025-09-13 11:27:08');
INSERT INTO group_expenses VALUES(8,1,2,33.68999999999999773,'Grocery shopping at Whole Foods','Transportation','2025-08-15 16:57:08.780776','[{"user_id": 1, "weight": 1}, {"user_id": 2, "weight": 1}, {"user_id": 3, "weight": 1}]','2025-09-13 11:27:08');
INSERT INTO group_expenses VALUES(9,1,1,106.4800000000000039,'Grocery shopping at Whole Foods','Bills','2025-09-01 16:57:08.780788','[{"user_id": 1, "weight": 1}, {"user_id": 2, "weight": 1}, {"user_id": 3, "weight": 1}]','2025-09-13 11:27:08');
INSERT INTO group_expenses VALUES(10,1,1,131.5699999999999932,'Internet bill','Food','2025-08-31 16:57:08.780798','[{"user_id": 1, "weight": 1}, {"user_id": 2, "weight": 1}, {"user_id": 3, "weight": 1}]','2025-09-13 11:27:08');
INSERT INTO group_expenses VALUES(11,2,2,23.92999999999999972,'Grocery shopping at Whole Foods','Food','2025-08-16 10:46:38.794534','[{"user_id": 1, "weight": 1}, {"user_id": 2, "weight": 1}, {"user_id": 3, "weight": 1}, {"user_id": 4, "weight": 1}, {"user_id": 5, "weight": 1}, {"user_id": 6, "weight": 1}]','2025-09-15 05:16:38');
INSERT INTO group_expenses VALUES(12,2,5,35.60000000000000142,'Dinner at restaurant','Bills','2025-09-05 10:46:38.794557','[{"user_id": 1, "weight": 1}, {"user_id": 2, "weight": 1}, {"user_id": 3, "weight": 1}, {"user_id": 4, "weight": 1}, {"user_id": 5, "weight": 1}, {"user_id": 6, "weight": 1}]','2025-09-15 05:16:38');
INSERT INTO group_expenses VALUES(13,2,4,119.3299999999999983,'Electricity bill','Transportation','2025-08-29 10:46:38.794570','[{"user_id": 1, "weight": 1}, {"user_id": 2, "weight": 1}, {"user_id": 3, "weight": 1}, {"user_id": 4, "weight": 1}, {"user_id": 5, "weight": 1}, {"user_id": 6, "weight": 1}]','2025-09-15 05:16:38');
INSERT INTO group_expenses VALUES(14,2,3,80.73999999999999489,'Grocery shopping at Whole Foods','Bills','2025-09-13 10:46:38.794581','[{"user_id": 1, "weight": 1}, {"user_id": 2, "weight": 1}, {"user_id": 3, "weight": 1}, {"user_id": 4, "weight": 1}, {"user_id": 5, "weight": 1}, {"user_id": 6, "weight": 1}]','2025-09-15 05:16:38');
INSERT INTO group_expenses VALUES(15,2,5,90.48000000000000397,'Movie tickets','Food','2025-08-16 10:46:38.794591','[{"user_id": 1, "weight": 1}, {"user_id": 2, "weight": 1}, {"user_id": 3, "weight": 1}, {"user_id": 4, "weight": 1}, {"user_id": 5, "weight": 1}, {"user_id": 6, "weight": 1}]','2025-09-15 05:16:38');
INSERT INTO group_expenses VALUES(16,2,5,102.0300000000000011,'Electricity bill','Food','2025-09-05 10:46:38.794602','[{"user_id": 1, "weight": 1}, {"user_id": 2, "weight": 1}, {"user_id": 3, "weight": 1}, {"user_id": 4, "weight": 1}, {"user_id": 5, "weight": 1}, {"user_id": 6, "weight": 1}]','2025-09-15 05:16:38');
INSERT INTO group_expenses VALUES(17,2,2,78.21999999999999887,'Grocery shopping at Whole Foods','Transportation','2025-09-03 10:46:38.794612','[{"user_id": 1, "weight": 1}, {"user_id": 2, "weight": 1}, {"user_id": 3, "weight": 1}, {"user_id": 4, "weight": 1}, {"user_id": 5, "weight": 1}, {"user_id": 6, "weight": 1}]','2025-09-15 05:16:38');
INSERT INTO group_expenses VALUES(18,2,4,100.0799999999999983,'Grocery shopping at Whole Foods','Bills','2025-08-31 10:46:38.794622','[{"user_id": 1, "weight": 1}, {"user_id": 2, "weight": 1}, {"user_id": 3, "weight": 1}, {"user_id": 4, "weight": 1}, {"user_id": 5, "weight": 1}, {"user_id": 6, "weight": 1}]','2025-09-15 05:16:38');
INSERT INTO group_expenses VALUES(19,2,3,116.6899999999999978,'Uber ride to airport','Bills','2025-09-01 10:46:38.794633','[{"user_id": 1, "weight": 1}, {"user_id": 2, "weight": 1}, {"user_id": 3, "weight": 1}, {"user_id": 4, "weight": 1}, {"user_id": 5, "weight": 1}, {"user_id": 6, "weight": 1}]','2025-09-15 05:16:38');
INSERT INTO group_expenses VALUES(20,2,6,63.09000000000000341,'Grocery shopping at Whole Foods','Transportation','2025-09-04 10:46:38.794643','[{"user_id": 1, "weight": 1}, {"user_id": 2, "weight": 1}, {"user_id": 3, "weight": 1}, {"user_id": 4, "weight": 1}, {"user_id": 5, "weight": 1}, {"user_id": 6, "weight": 1}]','2025-09-15 05:16:38');
CREATE TABLE settlements (
	id INTEGER NOT NULL, 
	group_id INTEGER NOT NULL, 
	from_user_id INTEGER NOT NULL, 
	to_user_id INTEGER NOT NULL, 
	amount FLOAT NOT NULL, 
	description VARCHAR(255), 
	settled_at DATETIME DEFAULT (CURRENT_TIMESTAMP), 
	PRIMARY KEY (id), 
	FOREIGN KEY(group_id) REFERENCES groups (id), 
	FOREIGN KEY(from_user_id) REFERENCES users (id), 
	FOREIGN KEY(to_user_id) REFERENCES users (id)
);
CREATE INDEX ix_users_id ON users (id);
CREATE UNIQUE INDEX ix_users_email ON users (email);
CREATE INDEX ix_transactions_id ON transactions (id);
CREATE INDEX ix_budgets_id ON budgets (id);
CREATE INDEX ix_groups_id ON groups (id);
CREATE INDEX ix_group_members_id ON group_members (id);
CREATE INDEX ix_group_expenses_id ON group_expenses (id);
CREATE INDEX ix_settlements_id ON settlements (id);
COMMIT;
